date,open,close,high,low,volume,money
2017-04-18,3.81,4.57,4.57,3.81,28355.0,128557.48
2017-04-19,5.03,5.03,5.03,5.03,10302.0,51819.6
2017-04-20,5.53,5.53,5.53,5.53,12942.0,71625.0
2017-04-21,6.09,6.09,6.09,6.09,24658.0,150187.9
2017-04-24,6.7,6.7,6.7,6.7,57819.0,387340.92
2017-04-25,7.37,7.37,7.37,7.37,57683.0,425204.16
2017-04-26,8.11,8.11,8.11,8.11,77730.0,630193.54
2017-04-27,8.92,8.92,8.92,8.92,269937.0,2407503.87
2017-04-28,9.81,9.81,9.81,9.81,185637.0,1821329.4
2017-05-02,10.79,10.79,10.79,10.79,212059.0,2288249.04
2017-05-03,11.87,11.87,11.87,11.87,860293.0,10210385.92
2017-05-04,13.06,13.06,13.06,13.06,1382625.0,18052252.62
2017-05-05,14.35,13.43,14.35,13.35,57126778.0,787411396.75
2017-05-08,12.63,12.08,12.81,12.08,32606765.0,399610061.47
2017-05-09,11.76,12.35,12.41,11.48,29311794.0,354356425.46
2017-05-10,12.34,11.71,12.46,11.31,30741635.0,367982696.39
2017-05-11,11.36,11.53,11.75,10.78,28369241.0,318297379.26
2017-05-12,11.35,11.94,12.1,11.1,29766376.0,346226846.32
2017-05-15,11.74,11.97,12.29,11.58,29068732.0,348035934.84
2017-05-16,11.64,12.08,12.15,11.25,25505135.0,297861963.29
2017-05-17,11.97,12.18,13.1,11.96,32576450.0,404177847.92
2017-05-18,11.86,11.45,12.09,11.42,22291345.0,262361979.19
2017-05-19,11.45,11.02,11.64,10.89,16083098.0,180274521.16
2017-05-22,10.91,10.09,11.02,9.98,16258182.0,171138859.46
2017-05-23,10.0,9.81,10.34,9.6,12478298.0,124755328.67
2017-05-24,9.71,10.05,10.11,9.67,11926099.0,118355263.72
2017-05-25,9.99,9.84,10.13,9.39,13238673.0,129665508.12
2017-05-26,9.9,10.22,10.4,9.81,13659339.0,138041338.46
2017-05-31,10.78,10.29,11.23,10.26,20775262.0,224771695.82
2017-06-01,10.08,9.55,10.13,9.5,14405414.0,141632294.97
2017-06-02,9.46,9.68,9.86,9.21,11939286.0,113556387.59
2017-06-05,9.99,9.71,10.06,9.71,10641933.0,105115854.03
2017-06-06,9.5,9.66,9.69,9.45,6361731.0,60926891.26
2017-06-07,9.71,10.1,10.13,9.69,11420818.0,113867847.52
2017-06-08,10.08,9.82,10.12,9.76,10495321.0,104169612.65
2017-06-09,9.78,9.86,9.91,9.59,7813277.0,76069362.16
2017-06-12,9.64,9.27,9.67,9.24,9744725.0,92195682.29
2017-06-13,9.22,9.45,9.55,9.13,6448037.0,60784089.24
2017-06-14,9.4,9.33,9.48,9.26,5575609.0,52119565.18
2017-06-15,9.38,9.6,9.7,9.34,10465727.0,100303933.74
2017-06-16,9.61,9.5,9.61,9.46,5662933.0,53882827.24
2017-06-19,9.49,9.49,9.55,9.41,4137015.0,39221114.28
2017-06-20,9.56,9.49,9.64,9.46,5235893.0,50017052.21
2017-06-21,9.49,9.5,9.56,9.38,4788259.0,45226585.73
2017-06-22,9.49,9.23,9.58,9.2,7395075.0,69499256.77
2017-06-23,9.17,8.98,9.2,8.71,8603658.0,77335283.04
2017-06-26,8.92,8.99,9.05,8.78,4723519.0,42188934.2
2017-06-27,8.98,8.96,9.12,8.92,4278126.0,38582694.71
2017-06-28,8.89,8.8,8.9,8.76,4218103.0,37213489.32
2017-06-29,8.81,8.86,8.93,8.7,3996232.0,35319801.63
2017-06-30,8.8,9.36,9.5,8.76,14760793.0,136025588.09
2017-07-03,9.27,9.39,9.46,9.15,9395646.0,87202973.78
2017-07-04,9.33,9.29,9.39,9.21,6128335.0,56948742.44
2017-07-05,9.3,9.6,9.71,9.24,12405095.0,118024931.73
2017-07-06,9.6,9.72,9.81,9.49,13615409.0,131637694.69
2017-07-07,9.67,9.78,9.94,9.66,11649348.0,113985574.06
2017-07-10,9.67,9.3,9.67,9.29,10656586.0,100568911.88
2017-07-11,9.3,8.99,9.39,8.99,6203929.0,57042993.59
2017-07-12,8.99,9.14,9.17,8.81,5287056.0,47410357.62
2017-07-13,9.09,8.97,9.14,8.92,3717747.0,33479263.51
2017-07-14,8.97,8.91,9.08,8.88,2520371.0,22611751.69
2017-07-17,8.72,8.02,8.81,8.02,8637412.0,71064112.14
2017-07-18,7.91,8.06,8.14,7.81,5110216.0,40752550.46
2017-07-19,8.0,8.05,8.08,7.88,3790250.0,30351737.68
2017-07-20,8.02,8.02,8.25,8.01,3612512.0,29381710.86
2017-07-21,7.99,7.89,8.03,7.88,3489058.0,27660610.85
2017-07-24,7.84,7.95,8.0,7.74,4391929.0,34538512.38
2017-07-25,7.95,8.03,8.08,7.91,3853192.0,30850626.75
2017-07-26,8.06,7.88,8.07,7.81,3402180.0,26887985.37
2017-07-27,7.94,8.17,8.21,7.82,5989198.0,48281227.63
2017-07-28,8.13,8.13,8.27,8.06,4980939.0,40615905.79
2017-07-31,8.06,8.07,8.17,8.03,3269380.0,26440538.86
2017-08-01,8.08,8.21,8.21,8.03,4187750.0,34008427.99
2017-08-02,8.69,8.47,8.83,8.41,22081451.0,191061861.1
2017-08-03,8.13,8.24,8.41,8.13,9355671.0,76979167.65
2017-08-04,8.21,8.15,8.3,8.12,5496601.0,45021827.88
2017-08-07,8.18,8.4,8.44,8.12,8314231.0,69350616.0
2017-08-08,8.4,8.29,8.43,8.26,4440445.0,36879409.86
2017-08-09,8.32,8.2,8.32,8.18,3362425.0,27693901.23
2017-08-10,8.22,8.0,8.25,7.95,4416394.0,35671494.19
2017-08-11,7.93,7.82,7.99,7.79,3919794.0,30952886.38
2017-08-14,7.84,7.92,7.96,7.82,3783895.0,29812921.73
2017-08-15,7.93,8.01,8.03,7.89,3782055.0,30182559.38
2017-08-16,8.05,8.19,8.26,7.99,5728905.0,46582453.39
2017-08-17,8.15,8.17,8.21,8.04,4373521.0,35577132.51
2017-08-18,8.11,8.09,8.12,8.06,3134619.0,25330484.94
2017-08-21,8.1,8.3,8.3,8.1,6455544.0,53188176.6
2017-08-22,8.3,8.27,8.44,8.23,6798968.0,56675782.32
2017-08-23,8.24,8.33,8.37,8.12,6423702.0,53068711.37
2017-08-24,8.29,8.34,8.5,8.29,8513126.0,71391947.85
2017-08-25,8.32,8.69,8.81,8.23,16440520.0,141649646.78
2017-08-28,8.7,8.93,9.14,8.59,16427613.0,145152717.85
2017-08-29,8.84,8.93,9.2,8.75,17927152.0,160518445.17
2017-08-30,8.81,8.69,8.97,8.66,9829361.0,86371364.6
2017-08-31,8.75,9.03,9.13,8.7,13408212.0,119985619.68
2017-09-01,9.04,8.98,9.14,8.9,9061495.0,81533752.88
2017-09-04,8.99,8.8,9.0,8.78,6284650.0,55641889.46
2017-09-05,8.79,8.81,8.94,8.76,3908947.0,34585858.46
2017-09-06,8.8,8.75,8.83,8.66,5587450.0,48860736.84
2017-09-07,8.75,8.76,8.95,8.72,5827641.0,51413318.02
2017-09-08,8.71,8.83,8.86,8.71,5076419.0,44603450.15
2017-09-11,8.83,9.21,9.21,8.77,14680072.0,132551981.19
2017-09-12,9.21,9.06,9.5,9.03,19913499.0,185397264.52
2017-09-13,8.87,9.03,9.06,8.84,9245036.0,82404902.68
2017-09-14,9.04,8.9,9.13,8.84,7852268.0,70458980.05
2017-09-15,8.95,8.85,8.98,8.84,4932383.0,43908317.99
2017-09-18,8.81,8.8,8.86,8.7,4328031.0,37910717.0
2017-09-19,8.74,8.79,8.87,8.74,3749996.0,32977802.75
2017-09-20,8.76,8.88,8.88,8.74,4069576.0,35871206.74
2017-09-21,8.87,8.8,8.97,8.79,4153434.0,36864279.37
2017-09-22,8.81,8.86,8.9,8.7,4472355.0,39400302.98
2017-09-25,8.81,8.76,8.97,8.76,3738826.0,33174912.11
2017-09-26,8.76,8.43,8.79,8.3,5725856.0,48901205.3
2017-09-27,8.43,8.54,8.57,8.37,2389447.0,20313784.33
2017-09-28,8.54,8.68,8.68,8.5,4282999.0,36932530.47
2017-09-29,8.68,8.6,8.68,8.54,4308553.0,36966536.03
2017-10-09,8.72,8.68,8.77,8.63,3087885.0,26884758.09
2017-10-10,8.68,8.88,8.89,8.63,4802294.0,42304668.98
2017-10-11,8.9,8.87,8.95,8.8,5239772.0,46516774.1
2017-10-12,8.84,8.81,8.9,8.72,3670583.0,32361133.95
2017-10-13,8.79,8.98,8.99,8.79,6383009.0,56987228.87
2017-10-16,9.0,8.61,9.0,8.58,5275983.0,46229568.39
2017-10-17,8.63,8.7,8.78,8.54,2874071.0,24918556.5
2017-10-18,8.7,8.59,8.88,8.58,4204960.0,36792864.69
2017-10-19,8.58,8.4,8.62,8.32,3522327.0,29724924.74
2017-10-20,8.41,8.5,8.5,8.39,1830719.0,15475671.64
2017-10-23,8.52,8.62,8.63,8.43,2292942.0,19701533.42
2017-10-24,8.52,8.65,8.65,8.45,3142384.0,26861416.78
2017-10-25,8.63,8.89,8.98,8.56,7493509.0,66249568.49
2017-10-26,8.84,8.86,8.91,8.81,4456976.0,39464143.99
2017-10-27,8.87,8.87,8.94,8.8,3790254.0,33558565.62
2017-10-30,8.81,8.65,8.88,8.47,4386808.0,37820892.36
2017-10-31,8.58,8.62,8.67,8.43,4488908.0,38330155.9
2017-11-01,8.53,8.59,8.69,8.52,2755282.0,23691832.78
2017-11-02,8.59,8.54,8.59,8.37,3447302.0,29188526.81
2017-11-03,8.51,8.48,8.51,8.37,2768687.0,23357470.09
2017-11-06,8.48,8.55,8.55,8.44,4011365.0,34069855.6
2017-11-07,8.55,8.53,8.55,8.43,2726550.0,23126035.75
2017-11-08,8.54,8.62,8.74,8.5,5159018.0,44699967.09
2017-11-09,8.57,8.84,8.88,8.56,8407426.0,73497504.53
2017-11-10,9.22,8.84,9.3,8.84,18428876.0,167056577.3
2017-11-13,8.69,8.62,8.82,8.58,10879769.0,94076164.59
2017-11-14,8.65,8.62,8.69,8.55,5436707.0,46902252.74
2017-11-15,8.55,8.97,9.08,8.55,12773633.0,112920393.56
2017-11-16,8.98,8.59,9.18,8.59,11207271.0,98570415.38
2017-11-17,8.56,7.93,8.59,7.92,8667337.0,70966732.73
2017-11-20,7.82,8.08,8.1,7.66,4377082.0,34717034.64
2017-11-21,8.06,8.21,8.3,7.97,4948779.0,40629909.0
2017-11-22,8.13,8.43,8.61,8.13,6248972.0,52879924.64
2017-11-23,8.52,8.44,8.57,8.29,5971832.0,50546418.5
2017-11-24,8.44,8.56,8.59,8.44,3672826.0,31320516.84
2017-11-27,8.51,8.52,8.68,8.47,3612555.0,31048253.76
2017-11-28,8.52,8.66,8.68,8.49,4065335.0,35007232.75
2017-11-29,8.63,8.54,8.63,8.4,2945986.0,25015515.65
2017-11-30,8.54,8.56,8.59,8.36,1668135.0,14162539.2
2017-12-01,8.56,8.6,8.61,8.48,3552854.0,30347872.35
2017-12-04,8.6,8.63,8.64,8.47,2972959.0,25535406.2
2017-12-05,8.61,8.7,8.76,8.53,7395116.0,64339955.37
2017-12-06,8.7,8.76,8.8,8.62,4604637.0,40148208.22
2017-12-07,8.77,8.69,8.77,8.68,2552191.0,22232528.82
2017-12-08,8.6,9.2,9.21,8.52,13907597.0,125392278.27
2017-12-11,9.18,9.81,9.9,9.16,21163415.0,203403101.96
2017-12-12,9.68,9.43,9.82,9.26,19022857.0,180854328.9
2017-12-13,9.39,9.88,9.88,9.27,13513219.0,129377490.43
2017-12-14,9.97,10.51,10.54,9.79,20222588.0,206279256.77
2017-12-15,10.49,10.43,10.64,10.34,13239675.0,138433500.66
2017-12-18,10.54,10.56,10.56,10.26,7406959.0,77057631.44
2017-12-19,10.56,10.95,10.95,10.3,11368680.0,120687012.92
2017-12-20,10.72,10.08,10.84,9.86,19896509.0,204999608.35
2017-12-21,9.85,9.08,10.03,9.08,13058987.0,121255139.39
2017-12-22,8.17,8.17,8.68,8.17,37792730.0,311736096.95
2017-12-25,7.79,7.41,7.88,7.35,26691460.0,202758750.62
2017-12-26,7.37,7.5,7.66,7.26,16384377.0,122627247.68
2017-12-27,7.47,7.5,7.64,7.41,11201827.0,84311572.33
2017-12-28,7.52,7.37,7.52,7.31,10582756.0,78457702.83
2017-12-29,7.41,7.34,7.41,7.28,8244397.0,60492079.05
2018-01-02,7.37,7.39,7.41,7.29,7618825.0,56101427.15
2018-01-03,7.37,7.39,7.42,7.31,7786135.0,57339999.0
2018-01-04,7.36,7.39,7.49,7.33,7888165.0,58432346.58
2018-01-05,7.36,7.42,7.45,7.34,6514724.0,48274798.57
2018-01-08,7.45,7.52,7.52,7.41,9676402.0,72286467.53
2018-01-09,7.53,7.73,7.74,7.46,14335920.0,109778612.09
2018-01-10,7.73,7.45,7.73,7.39,10338751.0,77578439.85
2018-01-11,7.41,7.45,7.5,7.33,5959534.0,44272145.5
2018-01-12,7.46,7.33,7.46,7.33,5611518.0,41467073.56
2018-01-15,7.35,6.97,7.35,6.94,9148082.0,64555280.9
2018-01-16,6.97,7.15,7.15,6.9,5817124.0,41224018.68
2018-01-17,7.86,7.86,7.86,7.86,4928704.0,38730966.96
2018-01-18,8.65,8.65,8.65,8.63,17040783.0,147338991.54
2018-01-19,9.27,9.51,9.51,9.15,26001147.0,244107793.14
2018-01-22,10.14,8.86,10.14,8.86,38320458.0,361185006.99
2018-01-23,8.98,9.75,9.75,8.93,51195971.0,488889391.08
2018-01-24,9.45,10.11,10.72,9.28,65584021.0,673061168.46
2018-01-25,9.34,9.32,9.83,9.1,47269677.0,446226624.56
2018-01-26,9.32,9.27,9.56,8.99,28520953.0,265691859.24
2018-01-29,9.13,9.23,9.48,9.06,24068120.0,223268035.58
2018-01-30,9.25,8.76,9.37,8.59,27623421.0,245161313.07
2018-01-31,8.76,8.48,8.92,8.36,23380939.0,202803614.26
2018-02-01,8.57,9.32,9.32,8.3,35200004.0,312596888.78
2018-02-02,9.12,9.48,9.82,8.69,45309645.0,421220583.82
2018-02-05,9.11,8.94,9.25,8.7,25941949.0,233172440.7
2018-02-06,8.4,8.04,8.63,8.04,23546461.0,193934514.33
2018-02-07,8.22,7.8,8.32,7.34,22402958.0,177907563.82
2018-02-08,7.7,7.94,8.1,7.49,16616113.0,131043095.84
2018-02-09,7.52,7.24,7.64,7.18,16793687.0,124628671.37
2018-02-12,7.34,7.97,7.97,7.34,8907853.0,68854302.69
2018-02-13,8.46,8.26,8.63,8.06,27482120.0,228619653.64
2018-02-14,8.07,8.07,8.38,8.04,16882829.0,138240582.01
2018-02-22,8.22,8.23,8.29,8.01,16854674.0,137686846.24
2018-02-23,8.11,8.25,8.66,8.06,19600342.0,163154500.94
2018-02-26,8.27,8.87,9.07,8.22,29017464.0,248963727.19
2018-02-27,8.7,8.97,9.23,8.58,30888435.0,275152723.86
2018-02-28,8.63,8.72,8.8,8.4,18422016.0,158773141.43
2018-03-01,8.66,9.03,9.25,8.59,23706117.0,211776903.27
2018-03-02,8.81,8.66,8.92,8.61,16756525.0,146923448.9
2018-03-05,8.64,8.73,8.79,8.63,11468439.0,99976862.57
2018-03-06,8.75,8.96,9.19,8.73,23315344.0,209412029.18
2018-03-07,9.08,9.86,9.86,9.08,48297507.0,468705672.69
2018-03-08,9.86,10.84,10.84,9.62,54220059.0,551626792.83
2018-03-09,11.0,11.12,11.7,10.45,58396327.0,646975132.22
2018-03-12,11.31,11.27,11.79,11.07,48543802.0,551882328.02
2018-03-13,10.97,10.56,11.14,10.38,38811479.0,418097946.68
2018-03-14,10.66,10.55,10.87,10.47,29176274.0,311540365.77
2018-03-15,10.16,9.82,10.23,9.49,34782111.0,340173366.03
2018-03-16,9.74,9.87,10.12,9.7,24068161.0,237445493.85
2018-03-19,9.87,9.99,10.29,9.76,25004169.0,251196212.51
2018-03-20,9.72,9.85,9.9,9.33,23646802.0,226564196.0
2018-03-21,9.86,9.74,10.13,9.71,25726647.0,256228663.96
2018-03-22,9.67,9.89,9.97,9.63,16099510.0,158102516.85
2018-03-23,9.21,8.9,9.43,8.9,17654974.0,161078838.39
2018-03-26,8.43,8.99,9.1,8.21,14345209.0,124832817.89
2018-03-27,9.09,9.39,9.55,9.0,18587558.0,173102134.41
2018-03-28,9.15,9.21,9.4,9.01,14515699.0,134015168.05
2018-03-29,9.23,9.31,9.48,9.04,11275086.0,104414700.19
2018-03-30,9.43,9.93,10.18,9.42,30442413.0,298377714.65
2018-04-02,9.75,9.76,9.84,9.58,19322284.0,187677301.67
2018-04-03,9.46,9.78,9.83,9.33,14459625.0,138517041.29
2018-04-04,9.75,9.64,9.99,9.6,15985734.0,157028259.28
2018-04-09,9.5,9.33,9.5,8.8,11948373.0,110214929.04
2018-04-10,9.41,9.79,10.03,9.41,24534405.0,240109521.24
2018-04-11,9.94,10.77,10.77,9.87,31384424.0,322550217.21
2018-04-12,10.98,10.34,11.42,10.29,49325866.0,535370998.32
2018-04-13,10.55,10.77,11.3,10.32,43161051.0,470996684.83
2018-04-16,10.0,9.85,10.22,9.7,33755485.0,333044551.85
2018-04-17,9.64,9.36,9.96,9.12,21984268.0,209754876.73
2018-04-18,9.25,9.48,9.54,8.87,18754978.0,172743832.42
2018-04-19,9.3,9.73,9.75,9.27,18317160.0,175187360.25
2018-04-20,9.52,9.1,9.56,9.04,14950197.0,139161994.34
2018-04-23,9.16,9.63,9.91,9.14,18690535.0,178151604.32
2018-04-24,9.62,10.59,10.59,9.62,40999441.0,424336583.5
2018-04-25,10.43,10.78,10.8,10.22,42222419.0,444152447.46
2018-04-26,10.64,10.34,10.87,10.21,28924367.0,304841428.66
2018-04-27,10.52,10.2,11.39,9.98,43951406.0,474585350.89
2018-05-02,9.93,11.22,11.22,9.92,49744395.0,546398186.49
2018-05-03,11.22,12.34,12.34,10.73,52448114.0,596184106.76
2018-05-04,12.22,11.97,13.42,11.88,64629891.0,804537541.9
2018-05-07,10.97,11.71,12.13,10.86,44824461.0,510924357.12
2018-05-08,11.31,11.43,11.67,11.21,32206669.0,367619660.29
2018-05-09,11.27,11.75,12.03,11.26,33808984.0,394695357.44
2018-05-10,11.61,11.75,12.18,11.51,30893076.0,366691201.52
2018-05-11,11.53,11.12,11.58,10.99,23676608.0,265795854.79
2018-05-14,11.29,10.98,11.37,10.89,14161562.0,157600944.16
2018-05-15,10.92,11.16,11.26,10.92,12725914.0,141231706.73
2018-05-16,10.99,11.39,11.64,10.92,20217848.0,229268478.12
2018-05-17,11.19,11.1,11.26,10.97,12708024.0,140882348.0
2018-05-18,11.1,10.91,11.21,10.2,13955195.0,151394513.1
2018-05-21,10.85,11.13,11.19,10.85,13566138.0,150183467.91
2018-05-22,11.11,11.37,11.37,10.8,17467830.0,194041262.22
2018-05-23,11.79,11.34,12.05,11.26,27612856.0,320652665.48
2018-05-24,10.98,11.01,11.22,10.89,13526618.0,149374864.2
2018-05-25,11.01,11.29,11.48,10.9,18069086.0,204094678.35
2018-05-28,11.09,10.73,11.17,10.68,13810484.0,149739892.5
2018-05-29,10.54,10.43,10.83,10.28,9148079.0,96385124.72
2018-05-30,10.1,9.4,10.19,9.39,12245970.0,119605657.08
2018-05-31,9.51,9.6,9.79,9.38,7246510.0,69524294.0
2018-06-01,9.5,9.22,9.56,9.06,7726349.0,71906185.51
2018-06-04,9.3,9.26,9.36,9.13,5110567.0,47331526.06
2018-06-05,9.32,9.64,9.69,9.21,8208998.0,78126847.2
2018-06-06,9.59,9.82,9.83,9.51,9776376.0,94662644.46
2018-06-07,9.89,9.49,9.93,9.46,7140363.0,68780118.18
2018-06-08,9.41,9.32,9.41,9.14,5474327.0,50767142.92
2018-06-11,9.41,9.36,9.5,9.28,3932514.0,36923581.96
2018-06-12,9.36,9.58,9.65,9.06,8156359.0,77051182.67
2018-06-13,9.54,9.14,9.54,9.11,6093919.0,56702284.66
2018-06-14,9.07,8.99,9.25,8.99,5225483.0,47436265.8
2018-06-15,9.0,8.32,9.08,8.12,8096549.0,68433238.37
2018-06-19,8.1,7.49,8.1,7.49,6821124.0,52467479.1
2018-06-20,7.26,7.56,7.67,7.08,7471309.0,55671641.09
2018-06-21,7.59,7.19,7.67,7.13,6258964.0,46018569.7
2018-06-22,7.17,7.34,7.43,6.91,5049173.0,36716840.9
2018-06-25,7.45,7.4,7.6,7.34,5703429.0,42804926.26
2018-06-26,7.33,7.54,7.58,7.16,5425464.0,40466325.46
2018-06-27,7.53,8.29,8.29,7.5,6578459.0,53255728.72
2018-06-28,8.42,8.61,9.01,8.1,21320492.0,181176278.46
2018-06-29,8.37,8.64,8.72,8.21,15172880.0,129618614.1
2018-07-02,8.57,8.56,9.0,8.46,13039141.0,113739542.12
2018-07-03,8.34,8.62,8.62,8.15,9233356.0,78091463.1
2018-07-04,8.6,8.16,8.6,8.02,7657616.0,63550057.49
2018-07-05,8.25,8.16,8.6,8.11,7713204.0,64456929.1
2018-07-06,7.94,7.95,8.27,7.53,8438731.0,66762188.04
2018-07-09,8.2,8.14,8.28,8.02,5459939.0,44359353.6
2018-07-10,8.16,8.41,8.62,8.05,10594411.0,88870719.52
2018-07-11,8.18,7.95,8.19,7.78,8105593.0,64893149.26
2018-07-12,8.05,8.18,8.38,8.01,7355425.0,60173388.99
2018-07-13,8.15,8.41,8.49,8.13,9696938.0,80763444.57
2018-07-16,8.48,8.29,8.49,8.18,5485928.0,45313597.5
2018-07-17,8.29,8.22,8.29,8.04,4845880.0,39525565.3
2018-07-18,8.18,8.11,8.3,8.09,3993955.0,32745792.32
2018-07-19,8.06,7.71,8.15,7.68,6156209.0,48461439.48
2018-07-20,7.73,7.96,7.96,7.73,4668042.0,36807427.3
2018-07-23,8.06,8.02,8.16,7.92,4474290.0,35941121.4
2018-07-24,8.04,8.15,8.17,8.04,5305202.0,43104472.4
2018-07-25,8.25,8.07,8.27,8.05,4338355.0,35298542.6
2018-07-26,8.07,8.11,8.21,8.01,3611260.0,29247405.6
2018-07-27,8.14,7.88,8.14,7.81,4027679.0,31878861.63
2018-07-30,7.82,7.68,7.89,7.64,3147929.0,24366621.0
2018-07-31,7.73,7.7,7.78,7.63,2198711.0,16910399.9
2018-08-01,7.67,7.38,7.79,7.37,3306058.0,24962720.0
2018-08-02,7.3,7.09,7.36,6.91,4429408.0,31330652.53
2018-08-03,7.09,6.99,7.15,6.96,2465090.0,17451545.2
2018-08-06,6.91,6.93,7.07,6.82,2545522.0,17717328.01
2018-08-07,6.93,7.16,7.18,6.91,2614352.0,18455922.6
2018-08-08,7.21,6.93,7.21,6.84,3537691.0,24872498.56
2018-08-09,6.93,7.08,7.09,6.74,3736725.0,26285871.9
2018-08-10,7.05,7.1,7.15,7.01,2676846.0,18969513.41
2018-08-13,6.98,7.15,7.15,6.9,2768323.0,19443521.6
2018-08-14,7.09,7.29,7.6,7.09,5836021.0,42795362.0
2018-08-15,7.23,7.04,7.36,6.99,3515753.0,25218023.5
2018-08-16,6.95,6.93,7.05,6.89,2606125.0,18184588.5
2018-08-17,6.97,6.83,7.06,6.82,2383488.0,16511514.3
2018-08-20,6.83,6.88,6.91,6.7,2426545.0,16556236.67
2018-08-21,6.93,6.9,6.97,6.8,1710693.0,11801077.2
2018-08-22,6.86,6.76,6.91,6.74,1814510.0,12379004.8
2018-08-23,6.78,6.8,6.85,6.76,2101032.0,14283987.95
2018-08-24,6.83,6.8,6.89,6.78,2056757.0,14034383.0
2018-08-27,6.86,6.98,6.99,6.78,3348635.0,23128600.21
2018-08-28,6.98,6.92,7.0,6.85,3077936.0,21301319.97
2018-08-29,6.95,6.83,6.95,6.76,2125417.0,14509269.6
2018-08-30,6.79,6.67,6.85,6.65,2241765.0,15121372.9
2018-08-31,6.69,6.33,6.72,6.14,3467923.0,22123417.4
2018-09-03,6.33,6.36,6.4,6.19,2605761.0,16467588.3
2018-09-04,6.3,6.44,6.49,6.29,3255856.0,20949748.9
2018-09-05,6.38,6.47,6.6,6.38,3000644.0,19516603.4
2018-09-06,6.47,6.38,6.48,6.36,2160857.0,13857985.6
2018-09-07,6.38,6.39,6.52,6.35,1930373.0,12418045.2
2018-09-10,6.47,6.21,6.47,6.2,1849002.0,11613991.3
2018-09-11,6.26,6.24,6.32,6.22,1523818.0,9555002.8
2018-09-12,6.25,6.43,6.45,6.24,2382940.0,15130181.53
2018-09-13,6.41,6.39,6.47,6.28,2325882.0,14767875.2
2018-09-14,6.36,6.33,6.49,6.31,1988198.0,12704017.0
2018-09-17,6.28,6.03,6.3,6.02,2878419.0,17604494.47
2018-09-18,6.03,6.14,6.16,6.02,2046287.0,12473779.7
2018-09-19,6.1,6.26,6.31,6.1,3246415.0,20236530.9
2018-09-20,6.3,6.25,6.35,6.23,2240371.0,14085406.8
2018-09-21,6.3,6.33,6.37,6.22,2629600.0,16568263.1
2018-09-25,6.29,6.38,6.4,6.24,2108121.0,13368969.4
2018-09-26,6.44,6.35,6.46,6.31,2489222.0,15830259.9
2018-09-27,6.31,6.11,6.34,6.07,2752790.0,17020479.1
2018-09-28,6.1,6.16,6.23,6.1,1383444.0,8546045.05
2018-10-08,6.13,5.95,6.13,5.94,2005748.0,12033241.57
2018-10-09,5.95,6.01,6.04,5.93,1447191.0,8651500.38
2018-10-10,6.01,6.62,6.62,5.95,4356136.0,28345178.08
2018-10-11,6.72,7.28,7.28,6.69,30100386.0,212084062.79
2018-10-12,7.19,7.19,7.9,6.65,36733096.0,268244224.09
2018-10-15,7.03,7.29,7.7,6.78,28792978.0,203905751.96
2018-10-16,6.95,6.73,7.22,6.71,20332740.0,141180081.72
2018-10-17,6.74,6.95,7.13,6.73,16485705.0,114230169.72
2018-10-18,6.7,7.4,7.65,6.56,33151611.0,240176277.25
2018-10-19,6.93,7.62,7.78,6.83,33095782.0,241580138.32
2018-10-22,7.46,7.85,8.17,7.33,33066193.0,255893187.72
2018-10-23,7.68,7.53,7.79,7.47,19967022.0,151743708.86
2018-10-24,7.46,7.28,7.55,7.16,13240341.0,96547808.01
2018-10-25,6.99,7.48,7.61,6.86,15158711.0,109559806.79
2018-10-26,7.46,7.19,7.52,7.15,10556773.0,77269905.65
2018-10-29,7.15,7.24,7.29,7.04,6017956.0,43263942.0
2018-10-30,7.21,7.7,7.92,7.18,22979366.0,173895564.74
2018-10-31,7.6,7.53,7.7,7.43,15815918.0,119227431.71
2018-11-01,7.53,7.51,7.54,7.36,11849668.0,88381016.86
2018-11-02,7.52,7.55,7.66,7.43,11730164.0,88432622.81
2018-11-05,7.52,7.61,7.63,7.45,10086572.0,76074475.8
2018-11-06,7.54,7.43,7.54,7.31,6888713.0,51168540.8
2018-11-07,7.43,7.11,7.5,7.04,10926528.0,79418976.77
2018-11-08,7.17,7.21,7.21,7.05,7216576.0,51414663.85
2018-11-09,7.13,7.1,7.26,7.09,4505662.0,32270568.1
2018-11-12,7.08,7.27,7.33,7.03,6668599.0,48056895.3
2018-11-13,7.13,7.3,7.38,7.08,8034586.0,58257820.35
2018-11-14,7.25,7.4,7.52,7.24,10613277.0,78305247.76
2018-11-15,7.36,7.47,7.48,7.32,7917870.0,58700348.7
2018-11-16,7.49,7.38,7.52,7.37,7940588.0,58967311.9
2018-11-19,7.37,7.22,7.37,7.11,7109464.0,51100725.5
2018-11-20,7.15,7.26,7.27,7.08,5802696.0,41598059.2
2018-11-21,7.15,7.23,7.3,7.15,5291682.0,38240366.0
2018-11-22,7.23,7.18,7.26,7.13,3612906.0,25986802.4
2018-11-23,7.18,6.57,7.18,6.56,7630802.0,52216701.4
2018-11-26,6.56,6.51,6.65,6.47,3121144.0,20515662.14
2018-11-27,6.55,6.49,6.61,6.42,2572695.0,16782659.0
2018-11-28,6.49,6.55,6.55,6.15,4320432.0,27555953.1
2018-11-29,6.56,6.39,6.64,6.35,3222647.0,21041698.5
2018-11-30,6.31,6.4,6.45,6.22,2463656.0,15670863.1
2018-12-03,6.56,7.04,7.04,6.49,5550733.0,37682073.1
2018-12-04,7.53,7.14,7.73,7.12,18195335.0,133735341.24
2018-12-05,6.78,7.09,7.36,6.78,12782221.0,90224140.21
2018-12-06,6.97,6.88,7.19,6.84,8105983.0,56774618.93
2018-12-07,6.91,6.86,7.05,6.81,4642083.0,32040370.52
2018-12-10,6.81,6.81,6.91,6.74,3924782.0,26822125.5
2018-12-11,6.83,6.78,6.89,6.69,3337036.0,22729424.6
2018-12-12,6.82,7.1,7.41,6.81,10969800.0,77845011.86
2018-12-13,7.02,7.04,7.12,6.94,7583349.0,53285369.09
2018-12-14,7.02,6.66,7.03,6.64,6868339.0,46837056.6
2018-12-17,6.62,6.73,6.79,6.62,3165703.0,21261721.68
2018-12-18,6.68,6.63,6.75,6.51,3471740.0,22980790.67
2018-12-19,6.55,6.59,6.68,6.55,2180557.0,14390860.1
2018-12-20,6.59,6.58,6.62,6.51,2501722.0,16418446.5
2018-12-21,6.54,6.53,6.58,6.41,2644564.0,17162708.3
2018-12-24,6.53,6.6,6.62,6.5,2408769.0,15833534.5
2018-12-25,6.55,6.46,6.55,6.28,3013863.0,19239051.5
2018-12-26,6.45,6.43,6.5,6.39,2207586.0,14225969.9
2018-12-27,6.54,6.32,6.58,6.32,2664936.0,17173802.96
2018-12-28,6.32,6.31,6.4,6.29,1975719.0,12515337.2
2019-01-02,6.32,6.31,6.43,6.3,1405623.0,8909693.4
2019-01-03,6.31,6.33,6.38,6.25,2109746.0,13329801.0
2019-01-04,6.3,6.52,6.58,6.2,4648362.0,29839003.8
2019-01-07,6.53,6.57,6.63,6.44,4601089.0,30162378.75
2019-01-08,6.56,6.53,6.59,6.48,2790579.0,18221644.71
2019-01-09,6.63,6.69,7.03,6.54,8665260.0,58683182.4
2019-01-10,6.64,6.5,6.64,6.45,5088342.0,33163691.92
2019-01-11,6.48,6.58,6.6,6.44,3456637.0,22588967.7
2019-01-14,6.58,6.52,6.6,6.5,2646464.0,17306954.52
2019-01-15,6.51,6.64,6.71,6.46,3915104.0,25907394.89
2019-01-16,6.69,6.59,6.69,6.57,3104696.0,20553160.42
2019-01-17,6.6,6.5,6.62,6.46,2060725.0,13421931.7
2019-01-18,6.5,6.54,6.55,6.46,1982524.0,12900480.5
2019-01-21,6.53,6.55,6.59,6.51,1913271.0,12531631.24
2019-01-22,6.57,6.44,6.57,6.44,1772678.0,11506871.8
2019-01-23,6.45,6.53,6.53,6.44,1632896.0,10608061.2
2019-01-24,6.52,6.46,6.54,6.42,2267434.0,14690550.89
2019-01-25,6.46,6.44,6.53,6.43,1916288.0,12436637.7
2019-01-28,6.45,6.38,6.59,6.37,2501853.0,16202506.6
2019-01-29,6.42,6.09,6.42,6.02,3386180.0,20831686.0
2019-01-30,6.15,6.04,6.2,6.03,1746820.0,10702049.5
2019-01-31,6.04,5.62,6.11,5.45,4220250.0,24193692.6
2019-02-01,5.62,5.89,5.89,5.57,3033631.0,17582311.8
2019-02-11,5.89,6.11,6.13,5.89,2690657.0,16333576.0
2019-02-12,6.19,6.16,6.22,6.1,2464302.0,15168930.6
2019-02-13,6.22,6.26,6.28,6.15,3162303.0,19730874.38
2019-02-14,6.28,6.37,6.42,6.26,3531536.0,22418310.06
2019-02-15,6.31,6.2,6.35,6.2,3532327.0,22156579.36
2019-02-18,6.28,6.44,6.46,6.27,4462628.0,28539835.2
2019-02-19,6.5,6.4,6.53,6.32,4163354.0,26722017.72
2019-02-20,6.44,6.46,6.52,6.37,3412056.0,21981391.1
2019-02-21,6.48,6.47,6.6,6.35,5627986.0,36606541.63
2019-02-22,6.54,6.59,6.59,6.44,4508882.0,29357263.46
2019-02-25,6.59,6.83,6.87,6.59,10360241.0,69678077.6
2019-02-26,6.92,6.78,6.93,6.68,10111472.0,68908329.98
2019-02-27,6.8,6.77,6.83,6.65,6094558.0,41200082.61
2019-02-28,6.74,6.84,6.91,6.68,8266941.0,56230842.54
2019-03-01,6.84,6.74,6.85,6.69,4789794.0,32253642.45
2019-03-04,6.77,6.87,6.9,6.71,8421971.0,57602728.48
2019-03-05,6.83,7.14,7.22,6.76,10829538.0,75793348.75
2019-03-06,7.08,7.22,7.22,6.95,11295545.0,80238378.09
2019-03-07,7.2,7.26,7.39,7.06,11033045.0,79584786.41
2019-03-08,7.09,6.8,7.19,6.68,9076829.0,63436641.38
2019-03-11,6.8,7.08,7.09,6.76,6035942.0,42003270.68
2019-03-12,7.16,7.22,7.22,7.05,9358493.0,66833442.89
2019-03-13,7.18,7.04,7.31,6.93,9423787.0,67478031.69
2019-03-14,7.06,7.04,7.38,7.01,9318683.0,66710466.06
2019-03-15,7.09,7.1,7.11,6.96,7008898.0,49419004.04
2019-03-18,7.09,7.26,7.27,7.03,7579478.0,54338542.69
2019-03-19,7.32,7.18,7.41,7.11,6644385.0,47991401.75
2019-03-20,7.2,7.12,7.23,6.95,6456282.0,45809614.09
2019-03-21,7.11,7.16,7.21,7.07,6390717.0,45700414.73
2019-03-22,7.17,7.16,7.17,6.97,5643921.0,39984370.18
2019-03-25,7.12,7.05,7.15,7.03,4159163.0,29537726.29
2019-03-26,7.06,6.78,7.09,6.74,5668390.0,39356952.53
2019-03-27,6.8,6.98,6.98,6.64,3943209.0,26869152.21
2019-03-28,6.95,6.77,6.99,6.76,3633968.0,25026833.4
2019-03-29,6.78,6.93,6.93,6.7,3557959.0,24375307.54
2019-04-01,6.95,7.19,7.19,6.95,7768556.0,55207677.69
2019-04-02,7.26,7.15,7.3,7.12,6792917.0,48851490.96
2019-04-03,7.12,7.31,7.34,7.09,8326152.0,60235449.4
2019-04-04,7.3,7.67,7.88,7.25,19710032.0,149756378.47
2019-04-08,7.67,7.44,7.67,7.29,14006078.0,104124669.68
2019-04-09,7.43,7.36,7.43,7.23,6901717.0,50514661.38
2019-04-10,7.3,7.29,7.34,7.19,5907582.0,42932096.67
2019-04-11,7.24,7.3,7.4,7.22,6466348.0,47335996.23
2019-04-12,7.41,7.34,7.56,7.3,8468747.0,62655854.26
2019-04-15,7.42,7.15,7.44,7.15,5896088.0,43107299.99
2019-04-16,7.23,7.13,7.23,6.44,6313225.0,44274186.76
2019-04-17,7.14,7.33,7.38,7.05,7405851.0,53757779.27
2019-04-18,7.36,7.51,7.73,7.31,14566037.0,109773509.37
2019-04-19,7.43,7.51,7.57,7.33,6550555.0,48775741.14
2019-04-22,7.56,7.22,7.61,7.2,6123555.0,45040108.31
2019-04-23,7.28,7.01,7.28,7.01,4963516.0,35102682.54
2019-04-24,6.92,7.07,7.12,6.92,4034376.0,28336666.2
2019-04-25,7.06,6.63,7.06,6.59,6253853.0,42765919.02
2019-04-26,6.57,6.58,6.67,6.52,2830851.0,18667618.08
2019-04-29,6.61,6.15,6.61,6.06,4613571.0,29028241.23
2019-04-30,6.17,6.25,6.36,6.14,2345130.0,14713001.36
2019-05-06,6.09,5.78,6.21,5.69,3564715.0,21241641.16
2019-05-07,5.8,5.88,5.95,5.74,2500865.0,14666953.7
2019-05-08,5.76,5.95,6.02,5.76,2907883.0,17291946.3
2019-05-09,5.95,5.92,6.01,5.9,1829827.0,10892246.88
2019-05-10,5.96,6.13,6.19,5.87,3223156.0,19627372.74
2019-05-13,6.05,6.2,6.38,6.0,3439116.0,21380516.0
2019-05-14,6.14,6.31,6.61,6.09,5118020.0,32412911.82
2019-05-15,6.4,6.29,6.41,6.2,4122877.0,25852406.58
2019-05-16,6.21,6.22,6.28,6.19,2719566.0,16933721.32
2019-05-17,6.22,5.95,6.26,5.93,3342912.0,20262528.66
2019-05-20,5.95,5.99,6.01,5.75,2217239.0,13091025.5
2019-05-21,5.98,6.15,6.2,5.92,2468838.0,15108793.22
2019-05-22,6.14,6.1,6.24,6.06,2055346.0,12637231.94
2019-05-23,6.11,5.95,6.11,5.91,1830987.0,10973936.65
2019-05-24,5.93,5.95,6.03,5.9,1723098.0,10285949.2
2019-05-27,5.93,6.11,6.11,5.86,1778366.0,10681984.6
2019-05-28,6.07,6.08,6.18,6.06,1765031.0,10826294.1
2019-05-29,6.06,6.12,6.17,6.04,1646092.0,10097781.9
2019-05-30,6.12,6.1,6.14,6.01,1586602.0,9645561.38
2019-05-31,6.11,6.11,6.16,6.08,1238325.0,7576660.82
2019-06-03,6.12,6.01,6.14,5.97,1377308.0,8318508.01
2019-06-04,5.95,5.87,6.02,5.81,1614910.0,9511343.89
2019-06-05,5.93,5.82,5.93,5.81,1309663.0,7687631.12
2019-06-06,5.81,5.69,5.85,5.65,1352209.0,7748097.0
2019-06-10,5.7,5.83,5.86,5.65,1326553.0,7685197.8
2019-06-11,5.83,5.95,5.98,5.77,2516429.0,14815369.08
2019-06-12,5.91,5.84,6.0,5.83,1974308.0,11625118.98
2019-06-13,5.85,5.88,5.89,5.77,1939252.0,11306778.8
2019-06-14,5.86,5.69,5.88,5.67,1687083.0,9756082.2
2019-06-17,5.72,5.76,5.79,5.69,1210639.0,6959293.0
2019-06-18,5.76,5.73,5.83,5.7,1023812.0,5876617.96
2019-06-19,5.81,5.84,5.92,5.8,2264193.0,13256658.57
2019-06-20,5.88,5.97,5.97,5.81,2981487.0,17666125.8
2019-06-21,5.98,6.11,6.2,5.97,4276172.0,26084999.86
2019-06-24,6.1,6.05,6.16,6.0,3625943.0,21950316.58
2019-06-25,6.05,6.08,6.13,5.92,3325437.0,20103165.61
2019-06-26,6.08,6.15,6.2,5.99,3149442.0,19286985.12
2019-06-27,6.14,6.14,6.24,6.09,3084749.0,19015105.65
2019-06-28,6.11,6.13,6.17,6.02,1789699.0,10937277.9
2019-07-01,6.19,6.22,6.25,6.16,2766832.0,17180918.4
2019-07-02,6.22,6.24,6.3,6.17,2491566.0,15573328.86
2019-07-03,6.25,6.87,6.87,6.2,10320013.0,68248148.01
2019-07-04,7.31,7.55,7.55,7.31,37789742.0,284798142.06
2019-07-05,6.82,7.05,7.94,6.8,43529897.0,307034248.22
2019-07-08,6.76,6.35,6.79,6.35,30914666.0,199643706.74
2019-07-09,6.17,6.06,6.22,5.99,18777078.0,114303428.89
2019-07-10,6.03,5.88,6.12,5.82,13346515.0,79566487.66
2019-07-11,5.91,6.05,6.08,5.84,10834189.0,64491993.59
2019-07-12,6.02,5.94,6.04,5.93,7742315.0,46285294.4
2019-07-15,5.96,5.95,5.99,5.76,7903816.0,46498011.6
2019-07-16,5.97,6.07,6.14,5.93,10048863.0,60722069.7
2019-07-17,6.03,6.07,6.11,5.99,7064632.0,42703444.7
2019-07-18,6.06,5.86,6.06,5.85,8433008.0,49681194.94
2019-07-19,5.9,5.9,5.97,5.84,5230349.0,30880269.0
2019-07-22,5.9,5.54,5.93,5.52,8284635.0,46862943.0
2019-07-23,5.56,5.72,5.74,5.51,5615798.0,31620453.75
2019-07-24,5.78,5.73,5.83,5.71,4939272.0,28518436.2
2019-07-25,5.75,5.77,5.8,5.67,4833872.0,27673385.85
2019-07-26,5.72,5.73,5.77,5.69,2840669.0,16291485.46
2019-07-29,5.71,5.78,5.83,5.71,2427628.0,13973290.5
2019-07-30,5.74,5.85,5.9,5.74,3723524.0,21783348.54
2019-07-31,5.82,5.76,5.85,5.71,2604729.0,15035203.74
2019-08-01,5.71,5.71,5.77,5.67,2078118.0,11887779.2
2019-08-02,5.61,5.63,5.68,5.52,2851536.0,15996795.21
2019-08-05,5.57,5.57,5.65,5.55,2041350.0,11435323.2
2019-08-06,5.48,5.33,5.5,5.16,4826891.0,25584573.5
2019-08-07,5.3,5.25,5.36,5.23,2210750.0,11705681.22
2019-08-08,5.32,5.29,5.38,5.27,2743453.0,14567493.05
2019-08-09,5.33,5.26,5.39,5.23,2231436.0,11853183.0
2019-08-12,5.26,5.32,5.32,5.24,1906337.0,10062546.85
2019-08-13,5.28,5.26,5.28,5.22,1735925.0,9111457.5
2019-08-14,5.32,5.39,5.48,5.3,4549584.0,24503648.7
2019-08-15,5.27,5.33,5.36,5.22,3244598.0,17133562.22
2019-08-16,5.31,5.34,5.4,5.3,2242187.0,12020568.22
2019-08-19,5.41,5.46,5.48,5.37,3704783.0,20165847.98
2019-08-20,5.49,5.46,5.53,5.45,3200675.0,17529935.1
2019-08-21,5.47,5.45,5.5,5.43,2043497.0,11161854.82
2019-08-22,5.48,5.47,5.49,5.43,1792949.0,9794582.1
2019-08-23,5.47,5.43,5.5,5.39,3291256.0,17911039.58
2019-08-26,5.41,5.97,5.97,5.36,4964182.0,28818570.31
2019-08-27,6.16,5.95,6.32,5.89,23196614.0,142125988.51
2019-08-28,5.91,6.05,6.22,5.79,18653221.0,113684205.97
2019-08-29,5.88,6.09,6.13,5.78,12906295.0,76207650.34
2019-08-30,6.03,5.85,6.08,5.79,8810387.0,52154109.55
2019-09-02,5.79,5.9,5.96,5.77,5819154.0,34144884.74
2019-09-03,5.89,5.85,5.91,5.81,4483200.0,26212656.83
2019-09-04,5.85,5.79,5.88,5.69,5590557.0,32266161.3
2019-09-05,5.8,5.82,5.89,5.77,5396600.0,31509723.4
2019-09-06,5.81,5.88,5.94,5.79,4195296.0,24596128.2
2019-09-09,5.93,5.94,5.97,5.86,5752518.0,33984922.62
2019-09-10,5.94,6.03,6.03,5.88,5864076.0,34879238.02
2019-09-11,6.03,6.01,6.31,5.95,11176298.0,68042087.71
2019-09-12,6.04,5.97,6.06,5.93,5164888.0,30910332.5
2019-09-16,6.0,6.01,6.02,5.94,3754721.0,22499859.72
2019-09-17,6.02,5.8,6.02,5.78,3835238.0,22576593.6
2019-09-18,5.82,5.82,5.92,5.79,2440913.0,14284004.5
2019-09-19,5.84,5.88,5.9,5.8,2041673.0,11935937.52
2019-09-20,5.84,5.89,5.97,5.84,3003479.0,17769621.87
2019-09-23,5.86,6.01,6.06,5.85,7489301.0,44847974.6
2019-09-24,5.99,6.07,6.07,5.93,6626859.0,39832953.9
2019-09-25,5.99,5.87,6.16,5.86,6435046.0,38681597.8
2019-09-26,5.88,5.56,5.9,5.55,6129163.0,34701598.0
2019-09-27,5.56,5.61,5.64,5.52,1656005.0,9268804.5
2019-09-30,5.64,5.48,5.64,5.48,1599505.0,8901564.2
2019-10-08,5.48,5.42,5.52,5.41,2591453.0,14172971.6
2019-10-09,5.44,5.49,5.5,5.4,2313429.0,12653369.3
2019-10-10,5.52,5.58,5.59,5.46,2433447.0,13510712.44
2019-10-11,5.53,5.53,5.58,5.45,3092590.0,17082244.0
2019-10-14,5.59,5.64,5.66,5.56,3181075.0,17906017.8
2019-10-15,5.65,5.59,5.65,5.55,2578939.0,14446868.3
2019-10-16,5.63,5.51,5.63,5.49,2652422.0,14718655.5
2019-10-17,5.5,5.53,5.56,5.48,1689703.0,9345288.24
2019-10-18,5.53,5.48,5.57,5.36,3303063.0,18015953.9
2019-10-21,5.42,5.45,5.45,5.39,2532115.0,13722742.2
2019-10-22,5.45,5.49,5.51,5.42,2149249.0,11754672.94
2019-10-23,5.49,5.48,5.56,5.47,1442101.0,7964412.64
2019-10-24,5.5,5.54,5.59,5.46,2038737.0,11297377.22
2019-10-25,5.51,5.64,5.64,5.5,2852891.0,15957578.1
2019-10-28,5.64,5.71,5.76,5.6,2801175.0,15959763.88
2019-10-29,5.7,5.57,5.73,5.55,2120126.0,11949805.0
2019-10-30,5.59,5.51,5.65,5.48,1654651.0,9166324.0
2019-10-31,5.58,5.49,5.66,5.48,2298343.0,12826515.5
2019-11-01,5.44,5.66,5.66,5.44,3123887.0,17436823.84
2019-11-04,5.6,5.5,5.64,5.43,3660367.0,20300234.14
2019-11-05,5.49,5.44,5.5,5.32,3140234.0,17016017.62
2019-11-06,5.46,5.36,5.46,5.33,2202592.0,11866930.4
2019-11-07,5.36,5.4,5.45,5.33,1497423.0,8093085.5
2019-11-08,5.39,5.44,5.51,5.39,1542864.0,8397650.25
2019-11-11,5.42,5.25,5.42,5.24,1865170.0,9911690.1
2019-11-12,5.29,5.32,5.32,5.17,1655482.0,8669475.0
2019-11-13,5.32,5.33,5.4,5.22,1396479.0,7455985.6
2019-11-14,5.33,5.36,5.37,5.28,1066736.0,5681737.2
2019-11-15,5.54,5.32,5.54,5.32,2395594.0,12951689.4
2019-11-18,5.26,5.21,5.28,5.03,2044029.0,10619987.92
2019-11-19,5.21,5.36,5.42,5.17,2534966.0,13471602.03
2019-11-20,5.42,5.35,5.45,5.32,1778960.0,9573366.0
2019-11-21,5.32,5.3,5.33,5.25,1379503.0,7277341.58
2019-11-22,5.33,5.26,5.35,5.22,1416779.0,7485521.8
2019-11-25,5.27,5.25,5.28,5.15,1160187.0,6063219.41
2019-11-26,5.27,5.24,5.3,5.23,1125168.0,5914571.4
2019-11-27,5.24,5.2,5.28,5.18,1071828.0,5584005.9
2019-11-28,5.2,5.18,5.24,5.15,1028713.0,5338001.5
2019-11-29,5.23,5.18,5.23,5.13,766664.0,3959397.87
2019-12-02,5.18,5.23,5.24,5.15,977386.0,5095897.5
2019-12-03,5.2,5.28,5.29,5.13,2078752.0,10833326.1
2019-12-04,5.23,5.32,5.34,5.23,2364576.0,12528792.4
2019-12-05,5.33,5.35,5.37,5.3,2546888.0,13601061.81
2019-12-06,5.34,5.44,5.65,5.3,4346206.0,23776173.18
2019-12-09,5.36,5.57,5.73,5.34,6696281.0,36998109.71
2019-12-10,5.51,5.45,5.54,5.38,4666393.0,25369211.74
2019-12-11,5.41,5.4,5.44,5.36,2832231.0,15288365.24
2019-12-12,5.4,5.35,5.42,5.35,1989501.0,10704561.54
2019-12-13,5.37,5.41,5.45,5.37,2315020.0,12521817.8
2019-12-16,5.44,5.48,5.49,5.4,3040727.0,16616095.09
2019-12-17,5.46,5.54,5.54,5.45,2859462.0,15785202.79
2019-12-18,5.54,5.51,5.57,5.5,2570087.0,14229734.1
2019-12-19,5.52,5.58,5.6,5.49,2650869.0,14708691.66
2019-12-20,5.58,5.51,5.61,5.5,2508313.0,13966629.2
2019-12-23,5.51,5.4,5.53,5.39,2241521.0,12186402.5
2019-12-24,5.4,5.51,5.51,5.4,1786085.0,9763073.9
2019-12-25,5.51,5.52,5.59,5.48,2216803.0,12260085.3
2019-12-26,5.52,5.54,5.55,5.49,2036096.0,11256988.32
2019-12-27,5.56,5.5,5.58,5.49,2180559.0,12095187.11
2019-12-30,5.5,5.54,5.54,5.37,2555604.0,13979922.06
2019-12-31,5.54,5.54,5.55,5.48,1649445.0,9106801.82
2020-01-02,5.56,5.61,5.61,5.54,3437933.0,19232265.93
2020-01-03,5.62,5.64,5.67,5.58,3515158.0,19766468.54
2020-01-06,5.59,5.68,5.74,5.54,4326016.0,24541691.94
2020-01-07,5.68,5.67,5.78,5.66,4066579.0,23195716.97
2020-01-08,5.67,5.62,5.8,5.61,5974641.0,34142027.56
2020-01-09,5.68,5.74,5.74,5.68,3902942.0,22313020.8
2020-01-10,5.72,5.68,5.75,5.64,2794569.0,15901352.6
2020-01-13,5.67,5.72,5.73,5.61,2470955.0,14062253.34
2020-01-14,5.72,5.8,5.8,5.69,3458038.0,19916555.26
2020-01-15,5.77,5.71,5.81,5.65,2763531.0,15788962.5
2020-01-16,5.71,5.63,5.77,5.61,2753920.0,15644293.7
2020-01-17,5.64,5.64,5.74,5.62,2467423.0,14022518.42
2020-01-20,5.64,5.58,5.64,5.46,2621250.0,14544838.48
2020-01-21,5.58,5.49,5.58,5.47,2269156.0,12515588.95
2020-01-22,5.49,5.45,5.49,5.37,2027737.0,10995206.4
2020-01-23,5.44,5.35,5.47,5.28,2723214.0,14673504.3
2020-02-03,4.81,4.81,4.81,4.81,1108673.0,5331744.0
2020-02-04,4.41,4.65,4.73,4.41,4039326.0,18664103.86
2020-02-05,4.65,4.76,4.81,4.65,2606777.0,12403834.6
2020-02-06,4.81,4.81,4.91,4.71,3755445.0,17956856.27
2020-02-07,4.79,4.79,4.84,4.7,3096385.0,14761460.0
2020-02-10,4.78,4.88,4.89,4.74,2904818.0,14047388.98
2020-02-11,4.89,4.86,4.93,4.84,1709245.0,8324921.0
2020-02-12,4.87,4.9,4.91,4.82,2653861.0,12931091.1
2020-02-13,4.91,4.78,4.91,4.77,2654206.0,12833395.74
2020-02-14,4.78,4.79,4.83,4.75,2688295.0,12888926.37
2020-02-17,4.8,4.96,4.98,4.8,3913184.0,19238115.9
2020-02-18,4.98,5.03,5.04,4.93,3747136.0,18690053.5
2020-02-19,5.03,5.02,5.08,4.99,3043336.0,15328266.2
2020-02-20,5.05,5.16,5.22,4.98,4647591.0,23723487.6
2020-02-21,5.12,5.16,5.22,5.12,3530162.0,18255459.0
2020-02-24,5.15,5.14,5.17,5.04,4904756.0,25010381.24
2020-02-25,5.03,5.05,5.06,4.85,5513920.0,27476825.72
2020-02-26,4.98,5.04,5.15,4.94,5196715.0,26275001.3
2020-02-27,5.07,5.07,5.11,5.0,3534349.0,17902283.5
2020-02-28,4.96,4.75,4.97,4.75,5592647.0,27094890.36
2020-03-02,4.77,4.99,5.01,4.77,4646606.0,22797766.64
2020-03-03,5.02,5.01,5.14,5.0,4128218.0,20873391.5
2020-03-04,4.97,5.09,5.1,4.97,3279602.0,16515463.32
2020-03-05,5.11,5.2,5.25,5.11,8322616.0,42829244.0
2020-03-06,5.12,5.18,5.22,5.09,4711972.0,24216452.6
2020-03-09,5.14,4.98,5.16,4.96,5293009.0,26694336.6
2020-03-10,4.88,5.07,5.08,4.87,4029770.0,20027534.4
2020-03-11,5.07,5.06,5.17,5.06,3952869.0,20223499.4
2020-03-12,5.05,4.99,5.05,4.95,3254232.0,16214589.8
2020-03-13,4.76,4.91,4.95,4.7,3877558.0,18753753.9
2020-03-16,4.94,4.75,5.01,4.74,3684603.0,17982120.55
2020-03-17,4.76,4.7,4.85,4.52,4078128.0,19015245.5
2020-03-18,4.73,4.64,4.8,4.63,2051136.0,9698071.5
2020-03-19,4.57,4.63,4.69,4.53,2684295.0,12390473.06
2020-03-20,4.67,4.75,4.75,4.64,2564109.0,12073457.6
2020-03-23,4.63,4.65,4.92,4.55,3669996.0,17295576.47
2020-03-24,4.71,4.8,4.86,4.65,4765138.0,22608190.08
2020-03-25,4.99,5.28,5.28,4.99,9745518.0,50489520.51
2020-03-26,5.17,5.26,5.56,4.99,23279774.0,120150037.56
2020-03-27,5.15,5.02,5.3,4.99,12359736.0,63302822.88
2020-03-30,4.93,4.79,4.97,4.7,7060129.0,34047634.75
2020-03-31,4.85,4.76,4.93,4.72,5741958.0,27635791.45
2020-04-01,5.24,5.24,5.24,5.24,12789486.0,66970580.3
2020-04-02,5.07,5.23,5.26,4.97,23699479.0,121280026.33
2020-04-03,5.14,5.0,5.21,4.93,14643225.0,73915378.48
2020-04-07,5.05,5.25,5.27,5.0,17184846.0,88221128.53
2020-04-08,5.17,5.32,5.36,5.1,17045084.0,88599011.35
2020-04-09,5.27,5.17,5.32,5.16,12419287.0,64855431.46
2020-04-10,5.13,5.09,5.15,4.99,8901193.0,45129849.65
2020-04-13,4.98,5.03,5.05,4.94,5947429.0,29693815.55
2020-04-14,5.05,5.12,5.2,5.03,7992234.0,40930298.94
2020-04-15,5.05,4.88,5.05,4.87,9469250.0,46830647.84
2020-04-16,4.82,4.91,4.91,4.76,4713934.0,22791552.8
2020-04-17,4.91,4.83,4.93,4.83,3604265.0,17565956.5
2020-04-20,4.85,4.87,4.88,4.79,3461746.0,16720616.7
2020-04-21,4.82,4.83,4.85,4.78,2374474.0,11420179.45
2020-04-22,4.84,4.9,4.92,4.8,5529789.0,26795603.9
2020-04-23,4.88,4.86,4.88,4.81,3292437.0,15927359.48
2020-04-24,4.82,4.76,4.89,4.7,3793945.0,18215356.7
2020-04-27,4.73,4.68,4.77,4.65,2942208.0,13823525.48
2020-04-28,4.67,4.54,4.68,4.38,3578945.0,16177529.52
2020-04-29,4.51,4.57,4.59,4.5,1980246.0,9028379.32
2020-04-30,4.62,4.69,4.71,4.59,2878611.0,13428375.39
2020-05-06,4.65,4.8,4.81,4.61,3311607.0,15760319.1
2020-05-07,4.79,4.77,4.83,4.73,2608887.0,12465968.72
2020-05-08,4.79,4.85,4.85,4.78,2943363.0,14178272.79
2020-05-11,4.94,5.23,5.34,4.9,37959521.0,201725607.21
2020-05-12,4.99,4.89,5.05,4.76,29058238.0,142764674.17
2020-05-13,4.86,4.87,4.91,4.79,8615370.0,41832337.95
2020-05-14,4.83,4.91,4.96,4.78,10827525.0,52741823.01
2020-05-15,4.9,4.85,4.93,4.82,8174758.0,39896723.22
2020-05-18,4.83,4.75,4.86,4.7,7223218.0,34566033.98
2020-05-19,4.79,4.79,4.82,4.76,4543075.0,21740710.02
2020-05-20,4.76,4.77,4.81,4.75,3852932.0,18394838.88
2020-05-21,4.76,4.75,4.79,4.72,3362053.0,15970645.22
2020-05-22,4.78,4.82,4.83,4.7,3879386.0,18457165.31
2020-05-25,4.83,4.83,4.86,4.77,4568322.0,22026823.52
2020-05-26,4.91,4.93,5.04,4.86,8457757.0,41794734.63
2020-05-27,4.87,4.82,4.92,4.79,6399288.0,30955885.62
2020-05-28,4.81,4.77,4.86,4.71,4603362.0,22001367.5
2020-05-29,4.75,4.71,4.82,4.71,3306854.0,15769009.5
2020-06-01,4.77,4.86,4.88,4.74,5941319.0,28758344.41
2020-06-02,4.87,4.92,4.95,4.83,7613878.0,37361262.32
2020-06-03,4.92,4.87,4.97,4.85,6521341.0,31942093.6
2020-06-04,4.91,4.97,5.04,4.85,11476361.0,56834847.9
2020-06-05,4.98,4.94,5.06,4.9,6821934.0,33873901.57
2020-06-08,4.95,4.86,5.01,4.84,5452439.0,26708737.36
2020-06-09,4.88,4.94,4.94,4.84,4537991.0,22230239.9
2020-06-10,4.93,4.87,4.93,4.82,4725894.0,22973274.25
2020-06-11,4.85,4.91,4.95,4.85,5838565.0,28652655.16
2020-06-12,4.78,4.9,4.94,4.78,4521738.0,21967753.8
2020-06-15,4.89,4.84,4.95,4.84,4581208.0,22405974.5
2020-06-16,4.86,4.95,4.96,4.86,5768097.0,28451338.33
2020-06-17,4.95,4.92,4.96,4.87,4569864.0,22414902.28
2020-06-18,4.93,4.88,4.93,4.86,3438669.0,16804631.4
2020-06-19,4.87,4.91,4.93,4.87,3871507.0,18971991.93
2020-06-22,4.91,4.9,4.93,4.88,3725125.0,18272650.6
2020-06-23,4.87,4.83,4.89,4.81,5094649.0,24720757.28
2020-06-24,4.82,4.84,4.87,4.81,3325802.0,16093348.51
2020-06-29,4.83,4.75,4.83,4.71,2883041.0,13764925.0
2020-06-30,4.76,4.81,4.83,4.76,2424949.0,11662125.6
2020-07-01,4.83,4.81,4.83,4.78,2542536.0,12212281.4
2020-07-02,4.8,4.87,4.87,4.79,3934443.0,19038980.39
2020-07-03,4.86,4.94,4.94,4.86,5836616.0,28667909.15
2020-07-06,4.96,5.08,5.11,4.95,9051825.0,45691538.21
2020-07-07,5.09,5.11,5.16,5.03,9669010.0,49434017.18
2020-07-08,5.08,5.22,5.32,5.06,12000604.0,62340506.39
2020-07-09,5.2,5.31,5.37,5.2,8923992.0,47231934.18
2020-07-10,5.28,5.22,5.34,5.22,7591654.0,39979957.55
2020-07-13,5.21,5.38,5.4,5.2,9720225.0,51726213.16
2020-07-14,5.38,5.47,5.51,5.31,14802924.0,80049852.45
2020-07-15,5.47,5.33,5.54,5.33,9333432.0,50571943.88
2020-07-16,5.37,5.34,5.43,5.28,8913506.0,47654420.78
2020-07-17,5.32,5.46,5.47,5.15,16295768.0,87826892.73
2020-07-20,5.38,5.66,5.73,5.37,15360487.0,85262032.85
2020-07-21,5.65,5.74,5.77,5.58,13264539.0,75353232.94
2020-07-22,5.67,5.65,5.83,5.63,12540887.0,71961178.71
2020-07-23,5.55,5.55,5.7,5.47,8063730.0,44724128.03
2020-07-24,5.47,5.58,5.7,5.47,18000644.0,101086426.44
2020-07-27,5.54,5.73,5.77,5.44,10279139.0,57935782.06
2020-07-28,5.67,5.71,5.84,5.66,10229436.0,58622726.47
2020-07-29,5.79,5.72,5.79,5.61,7775896.0,44392843.3
2020-07-30,5.76,6.01,6.02,5.68,19984245.0,118025011.61
2020-07-31,5.93,6.11,6.18,5.89,11763177.0,70793108.6
2020-08-03,6.14,6.19,6.42,6.12,12055088.0,74525030.46
2020-08-04,6.22,6.43,6.45,6.14,12599031.0,79752251.03
2020-08-05,6.35,6.76,6.77,6.31,17278796.0,114160222.14
2020-08-06,6.78,6.87,7.09,6.7,17482637.0,120253423.18
2020-08-07,6.78,6.69,6.97,6.29,17177339.0,114877484.23
2020-08-10,6.81,6.63,6.81,6.54,7229803.0,48088761.74
2020-08-11,6.69,6.5,6.69,6.47,7275631.0,47801541.18
2020-08-12,6.51,6.67,6.68,6.38,6289445.0,40878578.1
2020-08-13,6.62,6.6,6.81,6.57,4311545.0,28697653.9
2020-08-14,6.6,6.62,6.72,6.54,3891640.0,25862574.4
2020-08-17,6.69,6.7,6.8,6.62,10535709.0,71007422.7
2020-08-18,6.8,6.72,6.85,6.57,6633357.0,44435802.3
2020-08-19,6.72,6.77,6.89,6.63,16046415.0,109035949.93
2020-08-20,6.74,6.87,6.94,6.5,13169420.0,89957956.47
2020-08-21,6.93,7.02,7.03,6.8,13061060.0,90587342.74
2020-08-24,7.02,6.85,7.23,6.74,12687278.0,88135699.4
2020-08-25,6.74,6.96,6.98,6.74,8723524.0,60221590.74
2020-08-26,6.99,6.91,7.16,6.74,13512642.0,95268116.94
2020-08-27,6.99,6.86,6.99,6.79,9946373.0,68447528.8
2020-08-28,6.85,6.82,6.89,6.74,10716583.0,72915622.55
2020-08-31,6.87,6.77,6.89,6.71,7326055.0,49771024.98
2020-09-01,6.77,7.44,7.44,6.68,30252504.0,215548670.47
2020-09-02,7.45,7.44,7.53,7.25,16472085.0,121435438.87
2020-09-03,7.35,7.41,7.48,7.3,10553450.0,77852628.89
2020-09-04,7.25,7.22,7.3,7.02,12141983.0,86846050.01
2020-09-07,7.19,7.21,7.29,7.1,6391526.0,46051415.7
2020-09-08,7.22,7.28,7.39,7.16,14386838.0,104652203.15
2020-09-09,7.2,7.2,7.26,7.03,8027121.0,57249751.8
2020-09-10,7.2,7.3,7.48,7.08,16246742.0,117825779.96
2020-09-11,7.19,7.33,7.4,7.15,10400853.0,76078559.22
2020-09-14,7.35,7.32,7.38,7.17,6639736.0,48202311.84
2020-09-15,7.29,7.32,7.36,7.23,7468489.0,54654323.58
2020-09-16,7.32,7.43,7.49,7.19,14046605.0,103556021.05
2020-09-17,7.32,7.48,7.48,7.31,6478909.0,48246297.38
2020-09-18,7.44,7.78,7.79,7.44,16212240.0,123778572.1
2020-09-21,7.78,7.62,7.9,7.45,17968782.0,137373426.88
2020-09-22,7.55,7.78,7.84,7.45,13527441.0,104616292.35
2020-09-23,7.77,7.98,7.99,7.7,15627604.0,123047038.4
2020-09-24,7.89,8.19,8.24,7.81,22086423.0,177255969.7
2020-09-25,8.07,8.22,8.29,8.0,15300518.0,125357458.03
2020-09-28,8.36,8.55,8.58,8.1,31950998.0,267869477.87
2020-09-29,8.54,8.43,8.7,7.93,29314032.0,244279394.45
2020-09-30,8.09,8.25,8.68,7.59,28896493.0,234897741.85
2020-10-09,7.98,8.06,8.11,7.9,11380710.0,91088600.63
2020-10-12,7.93,7.81,8.01,7.81,10236098.0,80874481.39
2020-10-13,7.8,7.82,7.92,7.66,9672972.0,75408864.27
2020-10-14,7.75,8.14,8.15,7.61,21251919.0,166829098.9
2020-10-15,8.13,7.97,8.13,7.93,8254782.0,66019302.37
2020-10-16,7.87,8.07,8.23,7.83,16227774.0,130940983.77
2020-10-19,8.02,7.98,8.1,7.93,6442030.0,51428293.1
2020-10-20,7.92,7.99,8.17,7.88,6621521.0,52701636.66
2020-10-21,7.93,7.95,8.09,7.81,8483169.0,67261616.51
2020-10-22,7.84,7.86,7.95,7.83,3472330.0,27372336.69
2020-10-23,7.82,8.03,8.36,7.77,13169397.0,105255837.99
2020-10-26,7.99,8.03,8.08,7.9,6211320.0,49793869.59
2020-10-27,7.98,7.87,8.02,7.87,3389180.0,26956567.28
2020-10-28,7.93,7.86,7.94,7.74,4910793.0,38422416.49
2020-10-29,7.73,7.82,7.91,7.73,5493566.0,43086510.85
2020-10-30,7.83,7.85,7.91,7.77,5764269.0,45200629.88
2020-11-02,7.83,7.84,7.87,7.78,3368504.0,26428359.9
2020-11-03,7.83,8.32,8.44,7.82,13729866.0,113345990.31
2020-11-04,8.38,8.31,8.48,8.28,10157857.0,84746138.1
2020-11-05,8.33,8.33,8.42,8.22,7137457.0,59459622.06
2020-11-06,8.31,8.34,8.48,8.26,10223538.0,85357455.11
2020-11-09,8.33,8.26,8.4,8.22,12284376.0,101703258.31
2020-11-10,8.23,8.09,8.32,8.07,6956566.0,56959956.45
2020-11-11,8.01,7.89,8.08,7.88,4487281.0,35643209.84
2020-11-12,7.89,7.9,7.95,7.77,4187036.0,32828596.22
2020-11-13,7.88,7.93,7.94,7.81,6193802.0,48865867.26
2020-11-16,7.88,8.03,8.09,7.87,5150502.0,41180706.26
2020-11-17,8.03,8.11,8.18,8.03,4725454.0,38299905.96
2020-11-18,8.05,8.15,8.16,8.04,3369951.0,27381093.6
2020-11-19,8.16,8.08,8.28,7.95,9920094.0,80435533.43
2020-11-20,8.23,8.03,8.23,7.96,5852291.0,47376850.4
2020-11-23,7.98,8.39,8.56,7.97,20083823.0,167995065.58
2020-11-24,8.41,8.46,8.63,8.33,8850592.0,74770829.39
2020-11-25,8.51,8.8,9.07,8.42,30969379.0,267889989.38
2020-11-26,8.84,9.68,9.68,8.64,23098132.0,210338431.46
2020-11-27,9.88,10.65,10.65,9.34,33997977.0,342101089.65
2020-11-30,10.98,10.95,11.43,9.58,70704871.0,744373018.25
2020-12-01,9.85,9.97,10.98,9.85,104707456.0,1049131622.46
2020-12-02,9.78,8.99,9.78,8.97,76966841.0,694872309.73
2020-12-03,9.01,8.09,9.03,8.09,78700785.0,656768260.67
2020-12-04,7.49,7.29,7.69,7.29,35071163.0,258796374.4
2020-12-07,6.71,6.56,6.94,6.56,52900726.0,353431086.8
2020-12-08,6.52,6.51,6.68,6.46,28849457.0,189394527.5
2020-12-09,6.47,6.2,6.51,6.19,31629774.0,199549531.86
2020-12-10,6.14,5.99,6.14,5.94,26391335.0,159431909.4
2020-12-11,6.05,5.94,6.08,5.82,20627013.0,121984892.9
2020-12-14,5.97,6.11,6.12,5.93,19877002.0,120006015.41
2020-12-15,6.09,6.5,6.58,6.05,35044136.0,222455925.53
2020-12-16,6.39,6.14,6.4,6.12,22370645.0,139298365.51
2020-12-17,6.1,6.09,6.19,5.83,22351505.0,133959774.2
2020-12-18,6.05,5.97,6.12,5.97,14882849.0,89781806.87
2020-12-21,5.94,5.92,6.02,5.89,12715707.0,75747712.47
2020-12-22,5.91,5.69,5.91,5.68,18950640.0,109629943.66
2020-12-23,5.72,5.66,5.82,5.64,13054371.0,74593018.46
2020-12-24,5.64,5.42,5.66,5.39,16611526.0,91512628.91
2020-12-25,5.42,5.46,5.67,5.4,12510648.0,69018867.4
2020-12-28,5.57,5.63,5.76,5.5,20530523.0,115779263.66
2020-12-29,5.64,5.76,5.84,5.6,20649230.0,119018233.0
2020-12-30,5.7,5.64,5.76,5.58,15188784.0,85639680.1
2020-12-31,5.63,5.64,5.76,5.6,11248390.0,63696606.71
2021-01-04,5.66,5.65,5.73,5.61,12359217.0,69922136.1
2021-01-05,5.62,5.46,5.63,5.44,15445432.0,84988617.43
2021-01-06,5.46,5.32,5.5,5.29,13030167.0,69990091.21
2021-01-07,5.33,5.1,5.33,5.05,13968197.0,72064946.47
2021-01-08,5.1,5.19,5.23,4.97,10203478.0,52355037.94
2021-01-11,5.15,4.97,5.15,4.96,9643456.0,48477270.53
2021-01-12,4.97,4.99,5.11,4.97,6850016.0,34411225.08
2021-01-13,4.99,4.84,4.99,4.82,8420808.0,41096543.94
2021-01-14,4.83,4.82,4.87,4.75,7138993.0,34381936.63
2021-01-15,4.83,5.0,5.05,4.8,10718547.0,53140132.08
2021-01-18,5.0,5.04,5.11,4.98,8518540.0,43045170.68
2021-01-19,5.04,5.15,5.19,5.01,9440283.0,48400293.96
2021-01-20,5.14,5.21,5.24,5.12,9916778.0,51246333.41
2021-01-21,5.21,5.14,5.25,5.12,9249611.0,47784485.3
2021-01-22,5.1,5.13,5.16,5.03,8347748.0,42505031.8
2021-01-25,5.09,4.95,5.14,4.95,8380370.0,42101247.66
2021-01-26,4.91,4.91,5.06,4.86,7090771.0,35070048.52
2021-01-27,4.91,5.06,5.12,4.86,9419985.0,47026638.68
2021-01-28,4.99,5.57,5.57,4.94,35441202.0,190470264.95
2021-01-29,5.41,5.31,5.47,5.19,29874873.0,158865071.48
2021-02-01,5.24,5.24,5.32,5.17,16361119.0,85722116.8
2021-02-02,5.26,5.26,5.39,5.21,18083690.0,95749916.62
2021-02-03,5.22,4.96,5.24,4.95,17573349.0,88759979.82
2021-02-04,4.89,4.84,4.96,4.77,10542499.0,51079873.47
2021-02-05,4.87,4.82,5.02,4.81,7109562.0,34790435.08
2021-02-08,4.83,4.7,4.88,4.69,7437690.0,35254369.58
2021-02-09,4.7,4.72,4.77,4.62,6614036.0,31134686.88
2021-02-10,4.73,4.8,4.81,4.72,4835219.0,23081263.2
2021-02-18,4.84,4.94,5.01,4.82,7640707.0,37577788.44
2021-02-19,4.97,5.18,5.2,4.92,11329314.0,57481695.94
2021-02-22,5.16,5.19,5.33,5.16,14827652.0,77772991.4
2021-02-23,5.17,5.07,5.23,5.06,8944646.0,45666975.69
2021-02-24,5.09,5.1,5.19,5.07,6931797.0,35500733.0
2021-02-25,5.13,5.07,5.16,5.06,6511442.0,33095722.2
2021-02-26,5.01,5.22,5.24,5.0,11825101.0,60796085.77
2021-03-01,5.09,5.31,5.34,5.06,16209451.0,84876319.59
2021-03-02,5.33,5.31,5.49,5.3,19368645.0,104185158.84
2021-03-03,5.22,5.3,5.45,5.22,12556256.0,66550192.86
2021-03-04,5.27,5.28,5.43,5.25,11652773.0,61956623.07
2021-03-05,5.24,5.81,5.81,5.24,48668863.0,277552082.12
2021-03-08,5.81,6.03,6.39,5.72,65292802.0,393548608.01
2021-03-09,5.92,5.68,5.98,5.51,34394303.0,198192347.83
2021-03-10,5.69,6.25,6.25,5.69,37389265.0,224679817.92
2021-03-11,6.39,6.29,6.69,6.09,63625870.0,404655720.28
2021-03-12,6.16,6.18,6.29,6.06,33000949.0,203355292.23
2021-03-15,6.04,6.01,6.11,5.85,23213465.0,138786046.87
2021-03-16,6.05,5.86,6.08,5.79,24539831.0,144776344.99
2021-03-17,5.81,5.89,6.0,5.65,22396928.0,131093164.03
2021-03-18,5.87,5.76,5.91,5.75,15657459.0,90758101.4
2021-03-19,5.69,5.75,5.89,5.67,13653549.0,78706890.21
2021-03-22,5.73,5.79,5.81,5.69,14208264.0,81846265.55
2021-03-23,5.79,5.37,5.83,5.36,24425725.0,134600948.8
2021-03-24,5.3,5.3,5.41,5.27,11656901.0,62038774.3
2021-03-25,5.29,5.32,5.37,5.22,8211222.0,43539347.0
2021-03-26,5.35,5.35,5.38,5.28,8582088.0,45754653.54
2021-03-29,5.37,5.37,5.45,5.34,6979123.0,37519701.8
2021-03-30,5.37,5.13,5.38,5.11,11723919.0,61066181.7
2021-03-31,5.13,5.19,5.23,5.09,6593224.0,34091652.28
2021-04-01,5.22,5.27,5.27,5.15,6728266.0,35115976.0
2021-04-02,5.27,5.2,5.27,5.13,6562282.0,34092933.54
2021-04-06,5.2,5.32,5.34,5.18,7222232.0,38168663.0
2021-04-07,5.3,5.35,5.41,5.3,7780305.0,41604771.0
2021-04-08,5.36,5.3,5.41,5.27,7742819.0,41323732.0
2021-04-09,5.31,5.24,5.31,5.23,5138427.0,26987041.0
2021-04-12,5.24,5.16,5.24,5.14,6400958.0,33123736.24
2021-04-13,5.16,5.12,5.17,5.09,4916570.0,25167597.47
2021-04-14,5.09,5.18,5.19,5.08,4535716.0,23381344.13
2021-04-15,5.17,5.29,5.32,5.14,8034536.0,42198834.5
2021-04-16,5.27,5.4,5.41,5.27,9564755.0,51400597.6
2021-04-19,5.41,5.49,5.52,5.39,12264715.0,66727940.57
2021-04-20,5.43,5.52,5.78,5.42,19160455.0,107139744.92
2021-04-21,5.42,5.35,5.46,5.32,10138353.0,54613952.97
2021-04-22,5.34,5.4,5.45,5.33,5121836.0,27645525.1
2021-04-23,5.4,5.24,5.4,5.24,6314435.0,33383352.4
2021-04-26,5.23,5.18,5.29,5.17,4762282.0,24850220.5
2021-04-27,5.15,5.12,5.22,5.1,4581230.0,23495312.29
2021-04-28,5.14,5.23,5.24,5.09,4069089.0,21101125.36
2021-04-29,5.18,5.15,5.21,5.14,5385037.0,27776024.4
2021-04-30,5.16,4.99,5.16,4.95,7683130.0,38487883.87
2021-05-06,4.99,5.02,5.05,4.99,3278525.0,16458157.95
2021-05-07,5.02,5.03,5.06,4.97,3480224.0,17445111.66
2021-05-10,5.04,4.98,5.05,4.95,4684526.0,23336357.0
2021-05-11,4.95,5.03,5.03,4.95,3840724.0,19178632.78
2021-05-12,5.0,5.11,5.12,4.99,4916774.0,24884056.98
2021-05-13,5.09,5.06,5.11,5.05,4526387.0,22974117.8
2021-05-14,5.06,5.1,5.1,5.05,3506656.0,17841957.0
2021-05-17,5.08,5.01,5.11,5.01,4369702.0,21991687.3
2021-05-18,5.01,5.04,5.05,5.0,2741830.0,13785042.46
2021-05-19,5.05,5.03,5.05,5.0,3189718.0,16009767.0
2021-05-20,4.99,4.98,5.02,4.97,3263273.0,16289194.9
2021-05-21,4.98,5.01,5.02,4.98,2447747.0,12244073.94
2021-05-24,4.99,5.02,5.02,4.99,3050495.0,15259372.6
2021-05-25,5.0,5.01,5.01,4.97,4129423.0,20621866.44
2021-05-26,5.01,5.1,5.12,5.0,6286571.0,31933904.2
2021-05-27,5.09,5.11,5.15,5.06,5127020.0,26181888.66
2021-05-28,5.11,5.08,5.16,5.06,4725254.0,24149829.42
2021-05-31,5.08,5.11,5.11,5.02,3529141.0,17881510.1
2021-06-01,5.17,5.31,5.35,5.17,12270615.0,64783055.2
2021-06-02,5.34,5.24,5.42,5.23,8218603.0,43583836.42
2021-06-03,5.23,5.16,5.26,5.15,6031065.0,31355641.8
2021-06-04,5.14,5.19,5.21,5.11,4107861.0,21197801.14
2021-06-07,5.2,5.17,5.23,5.14,3407552.0,17619191.28
2021-06-08,5.18,5.19,5.21,5.14,3747419.0,19393625.81
2021-06-09,5.2,5.17,5.21,5.16,3065798.0,15857662.83
2021-06-10,5.15,5.14,5.18,5.12,4212953.0,21657102.74
2021-06-11,5.17,5.16,5.21,5.14,4460775.0,23101116.0
2021-06-15,5.19,5.1,5.19,5.1,5789503.0,29755068.48
2021-06-16,5.11,5.0,5.12,4.97,5874723.0,29530456.03
2021-06-17,4.99,5.02,5.04,4.99,2989265.0,14979450.5
2021-06-18,5.03,5.09,5.1,5.02,4481156.0,22691801.4
2021-06-21,5.08,5.09,5.12,5.07,3400943.0,17308539.5
2021-06-22,5.11,5.12,5.12,5.07,4397231.0,22391187.1
2021-06-23,5.12,5.11,5.14,5.09,3358257.0,17158145.85
2021-06-24,5.11,5.07,5.13,5.05,3173445.0,16096551.8
2021-06-25,5.08,5.07,5.09,5.02,3756773.0,18996935.98
2021-06-28,5.08,5.06,5.09,5.05,2629801.0,13323757.2
2021-06-29,5.07,4.99,5.07,4.98,4278409.0,21454674.0
2021-06-30,4.99,5.01,5.02,4.97,2541564.0,12701726.5
2021-07-01,5.0,4.97,5.04,4.95,3517574.0,17588645.12
2021-07-02,4.96,4.96,4.97,4.92,2545221.0,12589641.0
2021-07-05,4.98,4.99,4.99,4.94,2627750.0,13045263.8
2021-07-06,5.0,5.04,5.04,4.97,3629938.0,18175237.48
2021-07-07,5.02,5.02,5.04,5.0,2805140.0,14081130.4
2021-07-08,5.04,4.95,5.05,4.93,4374070.0,21705842.8
2021-07-09,4.95,4.98,4.98,4.93,2060778.0,10227920.58
2021-07-12,4.99,5.15,5.15,4.99,8738857.0,44406709.19
2021-07-13,5.16,5.14,5.18,5.09,6258842.0,32094571.16
2021-07-14,5.14,5.08,5.14,5.07,4972946.0,25365258.56
2021-07-15,5.06,5.01,5.08,4.98,5316598.0,26698058.52
2021-07-16,5.01,5.05,5.18,5.01,4576677.0,23298743.81
2021-07-19,5.03,5.04,5.06,5.0,2895974.0,14578238.42
2021-07-20,5.01,5.1,5.11,5.0,3497324.0,17693354.94
2021-07-21,5.1,5.12,5.14,5.07,4158838.0,21250661.56
2021-07-22,5.14,5.09,5.14,5.08,3468118.0,17682762.3
2021-07-23,5.08,5.06,5.12,5.05,3219500.0,16354856.0
2021-07-26,5.07,4.99,5.07,4.97,5290600.0,26491941.6
2021-07-27,5.0,4.97,5.05,4.96,3783227.0,18894295.72
2021-07-28,4.97,4.76,4.98,4.73,6299750.0,30319614.5
2021-07-29,4.79,4.82,4.84,4.79,2335350.0,11240523.0
2021-07-30,4.8,4.88,4.92,4.8,2504700.0,12174179.4
