date,open,close,high,low,volume,money
2012-02-20,4.92,5.2,5.41,4.92,179392420.0,917620864.0
2012-02-21,5.11,5.72,5.72,5.08,126962832.0,703292928.0
2012-02-22,5.77,6.29,6.29,5.73,123173253.0,734951040.0
2012-02-23,6.48,6.69,6.92,6.31,121892413.0,801718784.0
2012-02-24,6.69,6.69,6.69,6.69,0.0,0.0
2012-02-27,6.69,7.36,7.36,6.65,74939731.0,525369920.0
2012-02-28,7.36,7.36,7.36,7.36,0.0,0.0
2012-02-29,7.36,7.36,7.36,7.36,0.0,0.0
2012-03-01,6.93,6.98,7.19,6.82,72833337.0,508373472.0
2012-03-02,7.0,7.05,7.13,6.89,45657725.0,320125952.0
2012-03-05,7.07,6.85,7.51,6.79,82743531.0,591725376.0
2012-03-06,6.75,6.85,6.93,6.66,49896062.0,338904960.0
2012-03-07,6.74,6.73,7.01,6.69,45776232.0,313365408.0
2012-03-08,6.79,6.92,6.93,6.66,44714420.0,304602784.0
2012-03-09,7.0,6.84,7.03,6.72,43758282.0,298487872.0
2012-03-12,6.77,7.52,7.52,6.72,81899645.0,582149632.0
2012-03-13,7.64,7.79,8.26,7.64,92376081.0,728534080.0
2012-03-14,7.72,7.23,7.98,7.01,72838425.0,553470848.0
2012-03-15,7.17,7.62,7.86,7.12,62683416.0,472856448.0
2012-03-16,7.53,7.51,7.62,7.16,41690463.0,308162720.0
2012-03-19,7.46,7.38,7.46,7.21,26907007.0,197106640.0
2012-03-20,7.38,7.38,7.8,7.33,39665653.0,301218144.0
2012-03-21,7.34,6.83,7.34,6.69,50230935.0,347294880.0
2012-03-22,6.82,6.56,6.82,6.4,37740285.0,246913984.0
2012-03-23,6.5,6.49,6.68,6.35,25866838.0,167950016.0
2012-03-26,6.44,6.3,6.52,6.22,23558301.0,149164032.0
2012-03-27,6.36,6.38,6.53,6.32,26398285.0,169715632.0
2012-03-28,6.4,6.16,6.4,6.01,32473464.0,200856384.0
2012-03-29,6.13,6.16,6.3,5.97,24505537.0,149989568.0
2012-03-30,6.18,5.69,6.21,5.68,26931326.0,158896112.0
2012-04-05,5.75,5.93,6.03,5.61,28280678.0,165986608.0
2012-04-06,5.85,6.25,6.39,5.8,44675357.0,273339584.0
2012-04-09,6.17,6.03,6.17,5.95,27155081.0,164114048.0
2012-04-10,5.94,6.3,6.32,5.85,32855734.0,200792336.0
2012-04-11,6.16,6.18,6.27,6.12,21255176.0,131502928.0
2012-04-12,6.2,6.21,6.29,6.0,28476588.0,175481824.0
2012-04-13,6.15,6.21,6.41,6.06,33772442.0,210453888.0
2012-04-16,6.08,5.93,6.09,5.91,27990067.0,167914032.0
2012-04-17,5.81,5.9,6.03,5.77,19968682.0,117658424.0
2012-04-18,5.94,6.01,6.05,5.83,22936475.0,137181376.0
2012-04-19,5.96,5.96,6.03,5.9,16197993.0,96503656.0
2012-04-20,6.06,6.38,6.55,5.95,50145521.0,314885728.0
2012-04-23,6.27,6.09,6.38,6.08,32158684.0,199983920.0
2012-04-24,5.97,5.67,5.97,5.51,29969858.0,170298224.0
2012-04-25,5.67,5.67,5.67,5.67,0.0,0.0
2012-04-26,5.86,5.68,5.94,5.65,17452630.0,100636376.0
2012-04-27,5.6,5.67,5.8,5.57,10131439.0,57696900.0
2012-05-02,5.72,5.78,5.81,5.63,14429253.0,82579176.0
2012-05-03,5.8,5.71,5.81,5.64,11542908.0,65786512.0
2012-05-04,5.69,5.94,6.21,5.69,29947649.0,179887392.0
2012-05-07,5.81,5.87,5.88,5.7,19829625.0,114691784.0
2012-05-08,5.9,6.03,6.16,5.77,29441594.0,176849312.0
2012-05-09,5.95,5.96,6.02,5.86,15753823.0,93638368.0
2012-05-10,5.94,6.04,6.24,5.94,19103672.0,116087544.0
2012-05-11,6.03,5.81,6.03,5.8,15265161.0,90122616.0
2012-05-14,5.82,5.76,5.93,5.74,12202788.0,71020608.0
2012-05-15,5.68,5.47,5.69,5.37,20378738.0,112466488.0
2012-05-16,5.47,5.42,5.52,5.38,8835517.0,48130512.0
2012-05-17,5.43,5.47,5.49,5.31,12857893.0,69511112.0
2012-05-18,5.4,5.28,5.47,5.26,10691742.0,57325880.0
2012-05-21,5.22,5.1,5.32,4.88,35295636.0,177757472.0
2012-05-22,5.13,5.18,5.31,5.1,23143392.0,120222472.0
2012-05-23,5.09,5.16,5.19,5.04,16164613.0,82723600.0
2012-05-24,5.17,5.31,5.45,5.12,32518187.0,172492656.0
2012-05-25,5.24,5.22,5.31,5.16,13812058.0,72201080.0
2012-05-28,5.14,5.23,5.23,5.0,13255450.0,67998072.0
2012-05-29,5.18,5.38,5.53,5.15,25755460.0,138557728.0
2012-05-30,5.37,5.65,5.91,5.32,46691849.0,262086096.0
2012-05-31,5.54,5.9,6.15,5.52,63641147.0,374367456.0
2012-06-01,5.86,5.71,5.91,5.67,36106430.0,207832992.0
2012-06-04,5.58,5.45,5.78,5.43,26389710.0,147717600.0
2012-06-05,5.45,5.65,5.68,5.44,24834830.0,137738016.0
2012-06-06,5.67,5.55,5.72,5.47,19266346.0,107947712.0
2012-06-07,5.62,5.39,5.65,5.37,16319816.0,89637064.0
2012-06-08,5.45,5.36,5.55,5.33,15510700.0,84388024.0
2012-06-11,5.33,5.47,5.48,5.3,15689139.0,84887120.0
2012-06-12,5.4,5.33,5.43,5.28,12278633.0,65612580.0
2012-06-13,5.35,5.53,5.53,5.31,17466325.0,95144528.0
2012-06-14,5.48,5.34,5.54,5.33,15403299.0,83654816.0
2012-06-15,5.36,5.43,5.44,5.32,10565928.0,56895296.0
2012-06-18,5.52,5.61,5.69,5.47,22574397.0,126468872.0
2012-06-19,5.57,5.52,5.63,5.49,11925926.0,66123912.0
2012-06-20,5.56,5.58,5.68,5.5,17671836.0,99143424.0
2012-06-21,5.53,5.46,5.58,5.45,13609966.0,74908160.0
2012-06-25,5.37,5.01,5.37,5.01,22615552.0,116391152.0
2012-06-26,4.96,5.04,5.09,4.9,9373754.0,46825936.0
2012-06-27,5.02,5.24,5.3,5.01,22080537.0,114253592.0
2012-06-28,5.31,5.52,5.74,5.31,38509332.0,212845024.0
2012-06-29,5.45,5.67,5.76,5.43,28681190.0,161214992.0
2012-07-02,5.66,5.71,5.81,5.64,20910780.0,119609288.0
2012-07-03,5.69,5.73,5.92,5.67,26785096.0,155619504.0
2012-07-04,5.69,5.62,5.74,5.53,17201289.0,96443728.0
2012-07-05,5.58,5.67,5.73,5.52,18639863.0,105532408.0
2012-07-06,5.69,5.79,5.83,5.52,20394207.0,116308736.0
2012-07-09,5.78,5.38,5.78,5.35,19062498.0,106170472.0
2012-07-10,5.3,5.21,5.37,5.14,17035233.0,89005264.0
2012-07-11,5.12,5.31,5.32,5.12,11374825.0,59713208.0
2012-07-12,5.27,5.38,5.43,5.24,13624588.0,72811952.0
2012-07-13,5.38,5.31,5.54,5.25,15505498.0,83759408.0
2012-07-16,5.24,5.0,5.3,4.96,16386947.0,83046272.0
2012-07-17,5.0,5.12,5.15,4.96,9904455.0,50306976.0
2012-07-18,5.1,5.13,5.14,4.91,12300609.0,61652136.0
2012-07-19,5.05,5.27,5.33,5.04,17154967.0,89642928.0
2012-07-20,5.23,5.12,5.31,5.11,10955089.0,57024892.0
2012-07-23,5.03,5.31,5.33,4.99,13284732.0,69366088.0
2012-07-24,5.24,5.29,5.33,5.17,11792390.0,61948120.0
2012-07-25,5.22,5.2,5.38,5.14,13323750.0,70234248.0
2012-07-26,5.16,5.24,5.3,5.14,12676389.0,66448904.0
2012-07-27,5.3,5.09,5.38,5.07,11836855.0,61820784.0
2012-07-30,5.07,4.99,5.15,4.97,8291303.0,41781992.0
2012-07-31,5.01,5.04,5.1,4.95,7742938.0,38968168.0
2012-08-01,5.01,5.17,5.19,5.01,9498602.0,48744016.0
2012-08-02,5.15,5.27,5.36,5.1,17887983.0,93832880.0
2012-08-03,5.25,5.49,5.54,5.23,26588859.0,143789760.0
2012-08-06,5.46,5.51,5.58,5.4,20168787.0,110942296.0
2012-08-07,5.49,5.65,5.74,5.42,25054890.0,140098944.0
2012-08-08,5.61,5.52,5.65,5.49,16006131.0,88845000.0
2012-08-09,5.51,5.54,5.61,5.47,12358317.0,68496816.0
2012-08-10,5.54,5.58,5.67,5.52,15501085.0,86862880.0
2012-08-13,5.52,5.49,5.68,5.47,17123910.0,95627960.0
2012-08-14,5.47,5.55,5.56,5.33,17174594.0,93371000.0
2012-08-15,5.51,5.65,5.74,5.39,26156796.0,147173648.0
2012-08-16,5.6,5.56,5.71,5.54,15720660.0,88488880.0
2012-08-17,5.5,5.93,5.96,5.47,28894641.0,165597408.0
2012-08-20,5.87,5.92,6.06,5.79,36010821.0,212989168.0
2012-08-21,5.88,6.51,6.51,5.86,57062199.0,358711936.0
2012-08-22,6.51,6.56,6.58,6.39,62038525.0,402678560.0
2012-08-23,6.49,6.45,6.59,6.33,37536098.0,242541152.0
2012-08-24,6.31,6.04,6.38,5.99,36008882.0,222512624.0
2012-08-27,6.04,5.93,6.25,5.87,33645077.0,203869312.0
2012-08-28,5.97,6.31,6.39,5.93,50399772.0,312110240.0
2012-08-29,6.2,6.12,6.55,6.1,47788190.0,302869152.0
2012-08-30,6.06,5.84,6.1,5.65,32950878.0,194628896.0
2012-08-31,5.79,5.91,6.03,5.79,17507027.0,103790432.0
2012-09-03,5.91,6.06,6.17,5.86,21254897.0,129062024.0
2012-09-04,6.1,6.35,6.65,6.09,48408192.0,310976064.0
2012-09-05,6.39,6.38,6.54,6.24,33352613.0,213990704.0
2012-09-06,6.35,6.52,6.53,6.32,28368310.0,182284768.0
2012-09-07,6.59,6.62,6.76,6.38,45811045.0,301081600.0
2012-09-10,6.64,6.56,6.64,6.48,30859314.0,202161728.0
2012-09-11,6.53,6.4,6.53,6.29,25280624.0,160678144.0
2012-09-12,6.42,6.49,6.49,6.29,21714632.0,138903712.0
2012-09-13,6.49,6.05,6.49,6.04,27366770.0,171685776.0
2012-09-14,6.1,6.08,6.17,5.97,20691263.0,125476536.0
2012-09-17,6.01,6.03,6.21,6.0,15627629.0,95575272.0
2012-09-18,6.09,6.25,6.28,6.06,22059390.0,136715216.0
2012-09-19,6.26,6.13,6.31,6.08,15336818.0,94721016.0
2012-09-20,6.14,5.69,6.14,5.65,22049639.0,128184536.0
2012-09-21,5.65,5.47,5.72,5.46,14907383.0,82512944.0
2012-09-24,5.45,5.51,5.57,5.28,9851538.0,53582696.0
2012-09-25,5.43,5.41,5.49,5.34,8940746.0,48455328.0
2012-09-26,5.41,5.25,5.47,5.18,8991528.0,47630144.0
2012-09-27,5.27,5.39,5.49,5.21,11276778.0,60287232.0
2012-09-28,5.34,5.51,5.56,5.34,11956359.0,65586960.0
2012-10-08,5.51,5.51,5.6,5.46,7979466.0,44118044.0
2012-10-09,5.51,5.68,5.69,5.48,13730466.0,77392568.0
2012-10-10,5.65,5.88,5.91,5.61,19958220.0,115885840.0
2012-10-11,5.82,5.74,5.94,5.68,15423813.0,89905144.0
2012-10-12,5.69,5.65,5.83,5.6,7726262.0,43913660.0
2012-10-15,5.62,5.72,5.72,5.57,5709095.0,32188818.0
2012-10-16,5.73,5.7,5.78,5.65,6410991.0,36684924.0
2012-10-17,5.74,5.84,5.88,5.65,8505147.0,49047848.0
2012-10-18,5.83,5.85,5.94,5.79,10751296.0,63365520.0
2012-10-19,5.84,5.88,5.96,5.79,7518038.0,44207692.0
2012-10-22,5.83,5.8,5.88,5.65,6277288.0,36220208.0
2012-10-23,5.81,5.68,5.82,5.67,5859825.0,33539840.0
2012-10-24,5.78,5.72,5.87,5.7,9021125.0,52173712.0
2012-10-25,5.68,5.56,5.75,5.56,9688706.0,54652596.0
2012-10-26,5.56,5.35,5.57,5.34,7923314.0,43029188.0
2012-10-29,5.34,5.49,5.54,5.3,5638608.0,30829076.0
2012-10-30,5.5,5.53,5.56,5.46,3363774.0,18555024.0
2012-10-31,5.51,5.46,5.51,5.39,4643482.0,25253706.0
2012-11-01,5.46,5.58,5.63,5.46,6960644.0,38687936.0
2012-11-02,5.58,5.51,5.59,5.43,5265550.0,28971012.0
2012-11-05,5.51,5.36,5.51,5.32,7390601.0,39735420.0
2012-11-06,5.36,5.44,5.46,5.07,12359333.0,65522400.0
2012-11-07,5.39,5.52,5.59,5.37,10190871.0,56105260.0
2012-11-08,5.47,5.34,5.47,5.32,6010515.0,32234288.0
2012-11-09,5.31,5.25,5.39,5.18,4218590.0,22257660.0
2012-11-12,5.27,5.28,5.29,5.19,3940047.0,20615588.0
2012-11-13,5.29,5.17,5.29,5.16,3469616.0,18049852.0
2012-11-14,5.16,5.08,5.16,4.99,6390085.0,32344804.0
2012-11-15,5.05,4.96,5.08,4.94,4682443.0,23410354.0
2012-11-16,4.94,4.97,5.05,4.91,3071976.0,15269474.0
2012-11-19,5.0,5.0,5.05,4.91,3420202.0,17054784.0
2012-11-20,5.03,5.14,5.17,4.99,8666292.0,44164376.0
2012-11-21,5.13,5.17,5.19,5.1,8481517.0,43692680.0
2012-11-22,5.13,5.04,5.2,4.99,4193071.0,21348120.0
2012-11-23,5.04,5.02,5.08,4.98,3434622.0,17272664.0
2012-11-26,5.04,5.0,5.08,4.99,2589729.0,13012656.0
2012-11-27,5.0,4.51,5.03,4.51,12015332.0,56060176.0
2012-11-28,4.44,4.31,4.44,4.17,9067269.0,38970936.0
2012-11-29,4.32,4.42,4.51,4.32,8157311.0,36192844.0
2012-11-30,4.38,4.6,4.65,4.34,6578431.0,29688890.0
2012-12-03,4.58,4.49,4.64,4.47,3580915.0,16262694.0
2012-12-04,4.51,4.63,4.64,4.43,7220329.0,32892570.0
2012-12-05,4.78,4.81,4.92,4.68,12176330.0,58534216.0
2012-12-06,4.67,4.77,4.82,4.67,6484386.0,30888688.0
2012-12-07,4.84,4.86,5.0,4.81,7260586.0,35385448.0
2012-12-10,4.79,4.89,4.98,4.78,6538510.0,31968320.0
2012-12-11,4.85,4.8,4.92,4.78,5960827.0,29012240.0
2012-12-12,4.81,4.81,4.92,4.71,5609025.0,26969608.0
2012-12-13,4.76,4.71,4.78,4.66,5530469.0,26020080.0
2012-12-14,4.68,4.94,4.99,4.68,10505897.0,51223728.0
2012-12-17,4.88,4.93,4.99,4.78,13879912.0,67787488.0
2012-12-18,4.87,5.09,5.1,4.82,11972759.0,59098156.0
2012-12-19,5.01,5.01,5.08,4.98,7883113.0,39631080.0
2012-12-20,5.01,4.94,5.01,4.85,7429276.0,36527312.0
2012-12-21,4.94,5.01,5.07,4.88,8583549.0,42756808.0
2012-12-24,4.99,5.05,5.14,4.95,7953584.0,40276232.0
2012-12-25,5.05,5.23,5.32,4.99,20378379.0,105144080.0
2012-12-26,5.21,5.41,5.45,5.18,20416040.0,108633672.0
2012-12-27,5.38,5.3,5.45,5.26,13005348.0,69321648.0
2012-12-28,5.29,5.34,5.39,5.24,8835553.0,46873272.0
2012-12-31,5.34,5.31,5.38,5.29,6400464.0,34131292.0
2013-01-04,5.33,5.28,5.38,5.16,10164347.0,53332616.0
2013-01-07,5.25,5.23,5.3,5.12,10156784.0,52972368.0
2013-01-08,5.25,5.34,5.41,5.11,14912535.0,78337640.0
2013-01-09,5.3,5.53,5.59,5.27,25429825.0,139291056.0
2013-01-10,5.53,5.52,5.56,5.44,8506181.0,46837904.0
2013-01-11,5.49,5.48,5.74,5.44,14590206.0,81453312.0
2013-01-14,5.47,5.72,5.74,5.44,14844120.0,83684224.0
2013-01-15,5.72,5.78,5.82,5.64,12627144.0,72464144.0
2013-01-16,5.79,5.69,5.82,5.59,9758973.0,55739024.0
2013-01-17,5.68,5.51,5.68,5.49,8329606.0,46368332.0
2013-01-18,5.51,5.59,5.63,5.49,6264714.0,34900528.0
2013-01-21,5.6,5.79,5.9,5.59,16833614.0,97504976.0
2013-01-22,5.81,5.71,5.87,5.66,9011431.0,51965312.0
2013-01-23,5.66,5.65,5.79,5.53,6563497.0,36933244.0
2013-01-24,5.65,5.44,5.67,5.36,8757306.0,48365272.0
2013-01-25,5.37,5.33,5.45,5.33,4362563.0,23460684.0
2013-01-28,5.33,5.5,5.59,5.3,6771217.0,36891368.0
2013-01-29,5.5,5.52,5.61,5.47,5529377.0,30737312.0
2013-01-30,5.59,5.68,5.75,5.56,10405909.0,59031324.0
2013-01-31,5.79,5.61,5.87,5.59,11431960.0,65499468.0
2013-02-01,5.61,5.53,5.65,5.5,10177093.0,56531300.0
2013-02-04,5.57,5.48,5.57,5.44,5223697.0,28630484.0
2013-02-05,5.48,5.48,5.49,5.37,10998225.0,59656856.0
2013-02-06,5.47,5.5,5.55,5.45,7094670.0,39061312.0
2013-02-07,5.5,5.43,5.51,5.39,10346365.0,56237116.0
2013-02-08,5.4,5.6,5.67,5.4,17574328.0,97816744.0
2013-02-18,5.65,5.65,5.68,5.57,9879912.0,55562928.0
2013-02-19,5.62,5.55,5.62,5.48,9843552.0,54543976.0
2013-02-20,5.55,5.74,5.78,5.47,12992386.0,73125240.0
2013-02-21,5.67,5.78,5.82,5.62,22553987.0,129318952.0
2013-02-22,5.75,5.65,5.82,5.64,11804227.0,67399920.0
2013-02-25,5.69,6.06,6.11,5.65,29995553.0,178898144.0
2013-02-26,5.97,5.99,6.1,5.97,18258040.0,109913528.0
2013-02-27,6.01,5.95,6.05,5.79,23014504.0,135269424.0
2013-02-28,5.92,5.96,6.01,5.84,12476063.0,74067936.0
2013-03-01,5.96,6.07,6.11,5.87,18366980.0,110602712.0
2013-03-04,6.01,5.74,6.08,5.73,19523153.0,114938208.0
2013-03-05,5.67,5.94,5.96,5.67,14965150.0,87511832.0
2013-03-06,6.09,6.33,6.36,5.97,29478358.0,182933200.0
2013-03-07,6.28,6.17,6.39,6.05,16248096.0,101079384.0
2013-03-08,6.19,6.03,6.21,6.02,8494903.0,51995948.0
2013-03-11,5.98,6.12,6.15,5.94,6508628.0,39400636.0
2013-03-12,6.09,5.9,6.18,5.76,11732194.0,69634048.0
2013-03-13,5.83,5.75,5.9,5.66,7949678.0,45859320.0
2013-03-14,5.76,5.78,5.87,5.74,6960775.0,40406124.0
2013-03-15,5.79,6.05,6.21,5.69,17576554.0,105599104.0
2013-03-18,6.03,6.37,6.53,5.97,33602246.0,212757232.0
2013-03-19,6.32,6.61,7.01,6.3,32337358.0,216824320.0
2013-03-20,6.61,6.65,6.68,6.37,18831276.0,123061040.0
2013-03-21,6.6,6.85,6.98,6.5,19772407.0,134570608.0
2013-03-22,6.75,6.68,6.89,6.66,13496915.0,91564096.0
2013-03-25,6.65,6.54,6.69,6.42,22924798.0,148923280.0
2013-03-26,6.52,6.87,6.88,6.46,22639384.0,150491072.0
2013-03-27,6.74,7.17,7.31,6.73,29288247.0,207457008.0
2013-03-28,7.01,7.1,7.26,6.94,14669897.0,104325640.0
2013-03-29,7.14,7.14,7.22,6.96,11507547.0,81441504.0
2013-04-01,7.18,6.87,7.18,6.74,17712332.0,122101248.0
2013-04-02,6.85,6.39,7.01,6.2,25231286.0,168289312.0
2013-04-03,6.35,6.32,6.54,6.18,15476409.0,98006528.0
2013-04-08,6.22,6.62,6.68,6.15,17542345.0,113772664.0
2013-04-09,6.59,6.66,6.75,6.49,14184199.0,94394352.0
2013-04-10,6.65,6.74,6.86,6.64,13361131.0,90340072.0
2013-04-11,6.78,6.66,6.9,6.6,9672829.0,64697892.0
2013-04-12,6.58,6.52,6.68,6.42,10183774.0,66478648.0
2013-04-15,6.49,6.44,6.59,6.27,11158334.0,71219144.0
2013-04-16,6.45,6.51,6.54,6.32,11009042.0,70540120.0
2013-04-17,6.48,7.02,7.04,6.41,26967304.0,180425600.0
2013-04-18,6.86,6.97,7.02,6.8,16495247.0,114223208.0
2013-04-19,6.96,7.23,7.24,6.92,22802704.0,162044288.0
2013-04-22,7.09,7.14,7.31,6.89,25904315.0,182902992.0
2013-04-23,7.13,6.84,7.13,6.69,17369612.0,119217680.0
2013-04-24,6.74,7.08,7.21,6.69,22737657.0,159258608.0
2013-04-25,7.22,6.83,7.4,6.76,30909436.0,218057168.0
2013-04-26,6.74,6.57,6.82,6.53,15150257.0,100369264.0
2013-05-02,6.58,6.81,6.82,6.58,11210716.0,75555400.0
2013-05-03,6.84,6.95,7.17,6.84,22222182.0,155560064.0
2013-05-06,6.97,7.44,7.57,6.92,34410039.0,251097008.0
2013-05-07,7.44,7.49,7.74,7.36,32241129.0,243264496.0
2013-05-08,7.52,7.59,7.75,7.37,21451134.0,162972912.0
2013-05-09,7.59,7.84,7.85,7.45,23568772.0,180651440.0
2013-05-10,7.73,7.63,7.87,7.48,22891586.0,175208784.0
2013-05-13,7.61,8.4,8.4,7.61,28401060.0,229818112.0
2013-05-14,8.72,8.54,8.82,8.4,43617184.0,375150912.0
2013-05-15,8.59,8.85,9.11,8.28,35501481.0,308900864.0
2013-05-16,8.74,8.96,9.07,8.49,31678599.0,276779008.0
2013-05-17,8.8,8.83,9.18,8.69,30085244.0,267434304.0
2013-05-20,8.78,8.9,9.11,8.56,28181113.0,249279600.0
2013-05-21,8.8,9.04,9.15,8.76,30885809.0,277411904.0
2013-05-22,9.03,8.31,9.03,8.14,40680812.0,347284544.0
2013-05-23,8.18,8.2,8.53,8.06,27088871.0,224528000.0
2013-05-24,8.21,8.36,8.47,8.15,19222335.0,160456384.0
2013-05-27,8.47,8.52,8.86,8.37,24189177.0,208026160.0
2013-05-28,8.44,8.31,8.48,8.19,14027959.0,116719088.0
2013-05-29,8.3,8.48,8.5,8.22,15438525.0,129605656.0
2013-05-30,8.43,8.68,8.82,8.37,21841971.0,188862384.0
2013-05-31,8.62,8.28,8.78,8.21,19421768.0,164340816.0
2013-06-03,8.26,7.94,8.28,7.83,22837110.0,182392320.0
2013-06-04,7.86,7.73,8.01,7.63,14275325.0,111419320.0
2013-06-05,7.75,7.8,7.88,7.68,10182813.0,79306568.0
2013-06-06,7.8,7.56,7.81,7.52,11235522.0,85578376.0
2013-06-07,7.6,7.65,7.72,7.46,10175812.0,77328240.0
2013-06-13,7.52,7.75,7.85,7.3,17115137.0,130421760.0
2013-06-14,7.8,8.0,8.08,7.71,17840193.0,141136032.0
2013-06-17,8.02,8.04,8.25,8.02,19042151.0,155060016.0
2013-06-18,7.98,8.18,8.23,7.87,12717580.0,102893336.0
2013-06-19,8.02,8.06,8.16,7.94,8960387.0,72171056.0
2013-06-20,7.99,7.71,8.14,7.63,9755666.0,77520456.0
2013-06-21,7.49,7.57,7.74,7.38,8143042.0,61587928.0
2013-06-24,7.64,6.81,7.69,6.81,26191058.0,185160384.0
2013-06-25,6.71,6.84,6.93,6.17,16321495.0,108566240.0
2013-06-26,7.03,7.18,7.2,6.9,17395104.0,122572360.0
2013-06-27,7.19,6.98,7.43,6.96,16601717.0,119859056.0
2013-06-28,6.83,7.09,7.11,6.62,9640369.0,66969372.0
2013-07-01,6.98,7.24,7.25,6.97,8890799.0,63412588.0
2013-07-02,7.23,7.41,7.47,7.2,12709107.0,93485928.0
2013-07-03,7.44,7.75,7.82,7.31,20675564.0,156466384.0
2013-07-04,7.66,7.78,8.02,7.58,20201466.0,159525856.0
2013-07-05,7.76,7.48,7.84,7.46,12880514.0,98206616.0
2013-07-08,7.38,7.0,7.38,6.86,9832850.0,69569128.0
2013-07-09,6.9,7.09,7.13,6.89,5429433.0,38123708.0
2013-07-10,7.07,7.33,7.35,7.01,7240778.0,52038480.0
2013-07-11,7.36,7.64,7.65,7.27,13598073.0,102276800.0
2013-07-12,7.67,7.75,7.93,7.61,12812975.0,99657544.0
2013-07-15,7.67,8.03,8.03,7.6,18108039.0,142764208.0
2013-07-16,7.98,8.0,8.17,7.9,13621426.0,108779648.0
2013-07-17,7.99,7.73,8.08,7.67,16397039.0,129096520.0
2013-07-18,7.63,8.5,8.5,7.59,38426472.0,316843584.0
2013-07-19,8.48,8.33,8.63,8.29,20789010.0,175999232.0
2013-07-22,8.28,8.52,8.62,8.24,15848294.0,134188816.0
2013-07-23,8.57,8.67,8.86,8.48,19194496.0,166312064.0
2013-07-24,8.53,8.78,8.85,8.52,18531608.0,160899696.0
2013-07-25,8.77,8.59,8.77,8.44,18888119.0,162867392.0
2013-07-26,8.47,8.53,8.58,8.03,14219026.0,118262456.0
2013-07-29,8.53,8.25,8.53,8.17,8001233.0,66506512.0
2013-07-30,8.38,8.37,8.7,8.08,12875032.0,107912664.0
2013-07-31,8.43,8.4,8.52,8.26,7510634.0,63175992.0
2013-08-01,8.5,8.9,9.09,8.42,18661682.0,165593936.0
2013-08-02,8.94,8.98,9.3,8.81,17965118.0,162874272.0
2013-08-05,9.02,9.72,9.87,8.98,27785555.0,264045120.0
2013-08-06,9.66,9.66,9.78,9.44,14287244.0,137104752.0
2013-08-07,9.57,9.62,9.77,9.38,12091808.0,115669200.0
2013-08-08,9.53,9.84,10.0,9.41,20977136.0,205884576.0
2013-08-09,9.79,9.36,9.93,9.21,14283106.0,135936480.0
2013-08-12,9.36,9.29,9.5,8.98,15044070.0,138431104.0
2013-08-13,9.31,9.39,9.51,9.29,7858295.0,73738192.0
2013-08-14,9.34,9.33,9.42,9.07,8484084.0,78237104.0
2013-08-15,9.3,9.4,9.5,9.16,8293316.0,77615024.0
2013-08-16,9.3,9.07,9.67,8.98,11371898.0,106765216.0
2013-08-19,8.93,9.14,9.21,8.82,9108633.0,82057856.0
2013-08-20,9.04,9.49,9.51,9.04,12270802.0,115336472.0
2013-08-21,9.52,10.19,10.21,9.42,17699193.0,173592224.0
2013-08-22,10.06,10.22,10.35,10.0,16273624.0,166051040.0
2013-08-23,10.19,10.47,10.76,9.98,26372195.0,276088192.0
2013-08-26,10.34,10.64,11.04,10.21,15892252.0,170289472.0
2013-08-27,10.53,10.46,10.79,10.28,8426255.0,87956208.0
2013-08-28,10.47,10.19,10.71,10.18,8320297.0,86623008.0
2013-08-29,10.16,10.47,10.59,10.08,7793558.0,81135192.0
2013-08-30,10.43,9.86,10.61,9.66,8706649.0,87656240.0
2013-09-02,9.72,9.95,10.21,9.43,11383845.0,112371568.0
2013-09-03,9.96,9.94,10.07,9.83,8798485.0,87255984.0
2013-09-04,9.96,10.82,10.94,9.96,20099041.0,214057984.0
2013-09-05,10.8,10.98,11.12,10.73,13206142.0,144504512.0
2013-09-06,10.93,11.05,11.16,10.73,8067848.0,88567920.0
2013-09-09,11.04,11.02,11.12,10.39,14559317.0,157090128.0
2013-09-10,10.88,10.56,10.88,10.41,8793523.0,93204480.0
2013-09-11,10.35,9.5,10.35,9.5,21278796.0,204014112.0
2013-09-12,9.16,9.51,9.61,8.94,15850632.0,147626160.0
2013-09-13,9.43,9.55,9.62,9.21,8876401.0,84219488.0
2013-09-16,9.52,9.54,9.75,9.28,8669982.0,82399184.0
2013-09-17,9.41,9.19,9.48,9.17,5911925.0,55166724.0
2013-09-18,9.19,9.35,9.39,9.11,7061522.0,65054280.0
2013-09-23,9.38,9.63,9.65,9.35,7084563.0,67442112.0
2013-09-24,9.84,10.27,10.35,9.84,15533642.0,157813216.0
2013-09-25,10.12,10.05,10.71,10.05,12440226.0,129279824.0
2013-09-26,10.03,9.57,10.04,9.56,6078514.0,59346908.0
2013-09-27,9.58,9.61,9.78,9.49,4879698.0,47045236.0
2013-09-30,9.64,9.99,10.11,9.64,4957645.0,49333280.0
2013-10-08,9.76,10.41,10.42,9.68,6317945.0,64952316.0
2013-10-09,10.27,10.31,10.52,10.04,9178155.0,93531472.0
2013-10-10,10.28,9.78,10.43,9.69,10972859.0,109051272.0
2013-10-11,9.84,9.83,10.02,9.67,5157133.0,50605964.0
2013-10-14,9.78,9.89,9.93,9.69,6346223.0,62347572.0
2013-10-15,9.82,9.71,9.89,9.66,5207490.0,50842652.0
2013-10-16,9.66,9.4,9.93,9.31,9845447.0,95026192.0
2013-10-17,9.43,9.37,9.71,9.19,6947058.0,65673808.0
2013-10-18,9.39,9.51,9.57,9.27,3094117.0,29352956.0
2013-10-21,9.73,10.13,10.14,9.66,9140796.0,91222184.0
2013-10-22,9.99,9.72,10.1,9.68,9884499.0,97048848.0
2013-10-23,9.75,9.21,10.01,9.13,7736864.0,73994568.0
2013-10-24,9.02,9.14,9.44,8.98,10003812.0,91981760.0
2013-10-25,9.25,9.38,9.46,9.15,5660572.0,52855856.0
2013-10-28,9.38,9.21,9.52,9.16,3611835.0,33513504.0
2013-10-29,9.16,9.06,9.42,8.62,5589573.0,50623164.0
2013-10-30,9.06,9.35,9.41,9.06,2734064.0,25287984.0
2013-10-31,9.35,9.16,9.41,9.07,5279707.0,48681164.0
2013-11-01,9.05,9.03,9.29,8.98,7919173.0,72087296.0
2013-11-04,9.15,9.05,9.48,8.75,15731550.0,142233680.0
2013-11-05,8.91,9.23,9.29,8.72,6234071.0,56632652.0
2013-11-06,9.19,9.19,9.42,9.13,3840379.0,35472124.0
2013-11-07,9.16,8.99,9.18,8.91,5774436.0,51844024.0
2013-11-08,8.94,8.84,8.99,8.6,5342645.0,46558884.0
2013-11-11,8.73,8.96,8.99,8.71,4906990.0,43394524.0
2013-11-12,9.05,9.15,9.26,8.98,6490851.0,59125272.0
2013-11-13,9.07,9.07,9.21,8.97,2376228.0,21565146.0
2013-11-14,9.22,9.23,9.23,9.04,4247281.0,38955796.0
2013-11-15,9.3,9.38,9.44,9.23,7216585.0,67692488.0
2013-11-18,9.57,9.5,9.57,9.31,7781686.0,73254344.0
2013-11-19,9.55,10.03,10.04,9.4,11433183.0,111999464.0
2013-11-20,9.97,10.0,10.03,9.8,5490269.0,54317928.0
2013-11-21,9.88,10.1,10.12,9.88,7304599.0,73001600.0
2013-11-22,10.1,9.9,10.23,9.89,4385858.0,44022836.0
2013-11-25,9.91,9.81,9.98,9.7,3643390.0,35770312.0
2013-11-26,9.72,10.07,10.21,9.72,8477659.0,84757472.0
2013-11-27,10.07,10.5,10.75,10.07,16125022.0,168316032.0
2013-11-28,10.48,10.49,10.6,10.38,7490867.0,78496824.0
2013-11-29,10.47,10.55,10.57,10.28,4694289.0,48926580.0
2013-12-02,10.21,10.24,10.53,9.76,6466735.0,66048784.0
2013-12-03,9.38,10.02,10.16,9.21,9204588.0,89959368.0
2013-12-04,10.09,10.32,10.43,9.84,3660772.0,37623704.0
2013-12-05,10.3,10.39,10.64,10.2,2576173.0,26697024.0
2013-12-06,10.56,10.29,10.56,10.04,4026200.0,41066272.0
2013-12-09,10.39,10.32,10.62,10.26,3372596.0,34970628.0
2013-12-10,10.29,10.29,10.41,10.07,3158370.0,32382578.0
2013-12-11,10.29,10.25,10.43,10.03,3758782.0,38224444.0
2013-12-12,10.16,9.93,10.24,9.8,5267363.0,52390808.0
2013-12-13,9.88,9.75,9.94,9.52,8069429.0,78597328.0
2013-12-16,9.7,9.79,9.92,9.44,6520711.0,62963032.0
2013-12-17,9.75,9.83,9.94,9.54,2761050.0,26989144.0
2013-12-18,9.77,9.8,9.84,9.62,2364107.0,22984196.0
2013-12-19,9.89,9.61,9.89,9.53,2096681.0,20283072.0
2013-12-20,9.61,9.4,9.65,9.23,3206049.0,30080472.0
2013-12-23,9.37,9.35,9.4,8.89,2820510.0,25970784.0
2013-12-24,9.43,9.68,9.98,9.3,3581730.0,34737032.0
2013-12-25,9.68,9.75,9.89,9.57,1932821.0,18812982.0
2013-12-26,9.81,9.64,9.81,9.6,1935089.0,18745776.0
2013-12-27,9.69,9.66,9.83,9.46,4512611.0,43606476.0
2013-12-30,9.62,9.49,9.71,9.3,4847073.0,45837956.0
2013-12-31,9.49,9.55,9.64,9.34,3781739.0,35953836.0
2014-01-02,9.5,10.51,10.51,9.49,19000873.0,197839168.0
2014-01-03,10.8,11.56,11.56,10.73,33800359.0,383432000.0
2014-01-06,11.78,11.56,11.88,11.18,19734379.0,226353696.0
2014-01-07,11.53,12.39,12.52,10.89,25065919.0,296103360.0
2014-01-08,12.2,12.12,13.42,12.05,23255822.0,292852224.0
2014-01-09,12.2,12.3,12.45,11.95,15861113.0,193436224.0
2014-01-10,12.06,11.51,12.07,11.36,17575037.0,205908432.0
2014-01-13,11.52,11.55,11.66,11.3,11632498.0,132971120.0
2014-01-14,11.5,11.98,12.01,11.19,13750279.0,159793888.0
2014-01-15,11.79,12.36,12.39,11.67,20871590.0,252757264.0
2014-01-16,12.36,12.19,12.65,12.16,13115263.0,162455344.0
2014-01-17,11.99,12.26,12.34,11.7,9703398.0,116655800.0
2014-01-20,12.07,11.8,12.13,11.69,7222545.0,85507488.0
2014-01-21,11.74,11.91,11.97,11.31,13630461.0,158055152.0
2014-01-22,11.76,11.75,12.14,11.57,12569934.0,147870592.0
2014-01-23,11.72,11.3,11.72,11.2,21475355.0,243518368.0
2014-01-24,11.3,11.43,11.5,11.25,14477609.0,164316080.0
2014-01-27,11.33,11.31,11.38,10.88,19324566.0,214460640.0
2014-01-28,11.34,10.49,11.34,10.3,24811438.0,265131648.0
2014-01-29,10.47,10.26,10.57,10.15,18409037.0,189957600.0
2014-01-30,10.33,10.06,10.39,9.91,13947756.0,141334016.0
2014-02-07,9.99,10.66,10.66,9.99,18814799.0,195834160.0
2014-02-10,10.75,11.12,11.2,10.75,24546864.0,270630656.0
2014-02-11,11.18,10.94,11.38,10.83,20328686.0,225273072.0
2014-02-12,11.01,11.28,11.33,10.8,13883812.0,153188864.0
2014-02-13,11.12,10.68,11.25,10.66,13335139.0,146236128.0
2014-02-14,10.66,10.85,10.87,10.3,11394204.0,121073408.0
2014-02-17,10.92,11.32,11.51,10.92,29185323.0,329929408.0
2014-02-18,11.73,11.56,11.92,11.37,30338193.0,352047744.0
2014-02-19,11.35,11.23,11.51,11.09,21285774.0,239851808.0
2014-02-20,11.26,11.43,11.6,11.26,24357462.0,278472352.0
2014-02-21,11.34,10.94,11.35,10.87,17243837.0,190234688.0
2014-02-24,10.83,10.46,10.83,10.36,22426127.0,236012032.0
2014-02-25,10.46,9.53,10.74,9.41,25572431.0,261302176.0
2014-02-26,9.62,9.68,9.85,9.21,16695358.0,159927888.0
2014-02-27,9.68,9.41,9.84,9.28,13913650.0,133464472.0
2014-02-28,9.4,9.53,9.66,9.16,8751244.0,82454216.0
2014-03-03,9.54,9.73,9.79,9.53,8495504.0,82428816.0
2014-03-04,9.69,9.5,9.69,9.3,10243964.0,97328048.0
2014-03-05,9.52,9.67,9.73,9.44,11029520.0,105798440.0
2014-03-06,9.7,9.7,9.75,9.45,8462834.0,81591080.0
2014-03-07,9.74,9.58,9.77,9.5,6487031.0,62368696.0
2014-03-10,9.53,9.06,9.53,9.0,9427075.0,86302720.0
2014-03-11,9.04,8.88,9.06,8.72,8962353.0,79357032.0
2014-03-12,8.8,8.85,9.0,8.76,5509483.0,48813036.0
2014-03-13,8.85,8.98,8.99,8.83,4971714.0,44338592.0
2014-03-14,8.97,9.16,9.2,8.89,6983141.0,63431004.0
2014-03-17,9.13,9.35,9.43,9.13,6942683.0,64395292.0
2014-03-18,9.4,9.27,9.5,9.21,5900009.0,55252396.0
2014-03-19,9.21,9.24,9.4,9.17,4091029.0,37827736.0
2014-03-20,9.24,8.98,9.29,8.76,5648755.0,51034776.0
2014-03-21,8.87,9.19,9.2,8.67,7057539.0,63084044.0
2014-03-24,9.21,9.17,9.28,9.02,5613933.0,51469284.0
2014-03-25,9.16,9.35,9.36,9.09,6935590.0,64297996.0
2014-03-26,9.37,9.38,9.6,9.37,8068750.0,76508576.0
2014-03-27,9.35,8.96,9.35,8.92,10249935.0,92718656.0
2014-03-28,8.93,8.72,8.98,8.71,6095010.0,53708824.0
2014-03-31,8.76,8.69,8.79,8.51,4543672.0,39431564.0
2014-04-01,8.7,8.84,8.85,8.68,3259994.0,28589492.0
2014-04-02,8.85,8.89,9.02,8.72,3454702.0,30343260.0
2014-04-03,8.93,8.94,9.03,8.78,5865864.0,52257700.0
2014-04-04,8.86,9.13,9.2,8.86,6170639.0,56032016.0
2014-04-08,9.13,9.41,9.56,9.12,13754765.0,129149072.0
2014-04-09,9.41,9.41,9.41,9.41,0.0,0.0
2014-04-10,9.41,9.41,9.41,9.41,0.0,0.0
2014-04-11,9.41,9.41,9.41,9.41,0.0,0.0
2014-04-14,9.41,9.41,9.41,9.41,0.0,0.0
2014-04-15,9.43,10.35,10.35,9.42,37361523.0,382263424.0
2014-04-16,10.3,10.38,10.48,9.84,31141667.0,319663744.0
2014-04-17,10.26,10.62,10.7,10.24,29649223.0,311055872.0
2014-04-18,10.55,10.57,10.67,10.43,15794566.0,166838080.0
2014-04-21,10.37,10.67,11.3,10.34,27286427.0,295233760.0
2014-04-22,10.66,10.75,10.76,10.16,19181520.0,199334560.0
2014-04-23,10.73,11.05,11.25,10.61,25836502.0,284932352.0
2014-04-24,11.12,11.06,11.25,10.85,17100097.0,189356096.0
2014-04-25,10.91,10.89,11.17,10.89,15816921.0,174181936.0
2014-04-28,10.61,10.57,10.75,10.21,13126445.0,137071104.0
2014-04-29,10.46,11.37,11.44,10.46,14005783.0,154031840.0
2014-04-30,11.34,11.21,11.42,11.14,12746715.0,143789040.0
2014-05-05,11.18,11.66,11.77,11.13,14341798.0,164293424.0
2014-05-06,11.75,12.2,12.39,11.61,23978382.0,289625376.0
2014-05-07,12.24,12.01,12.38,11.8,13954203.0,168855936.0
2014-05-08,11.85,11.87,12.48,11.82,13891121.0,169367888.0
2014-05-09,11.84,11.65,12.0,11.51,11795198.0,137719856.0
2014-05-12,11.75,12.19,12.2,11.71,10794859.0,129306512.0
2014-05-13,12.26,12.02,12.46,11.98,13505422.0,164562336.0
2014-05-14,12.04,11.99,12.16,11.87,7860171.0,94459144.0
2014-05-15,11.97,11.62,12.02,11.4,14003389.0,164064592.0
2014-05-16,11.63,11.57,11.78,11.31,8203292.0,94462128.0
2014-05-19,11.52,11.35,11.63,11.27,8944528.0,102078200.0
2014-05-20,11.44,11.79,11.85,11.44,7696732.0,90212568.0
2014-05-21,11.7,12.09,12.23,11.57,8827994.0,106280736.0
2014-05-22,12.11,11.97,12.35,11.94,8242086.0,100062160.0
2014-05-23,11.96,12.4,12.42,11.92,9984523.0,122127568.0
2014-05-26,12.36,12.45,12.83,12.21,12591110.0,157131872.0
2014-05-27,12.45,12.78,12.79,12.35,9769145.0,123514072.0
2014-05-28,12.79,13.22,13.35,12.71,11043574.0,143615104.0
2014-05-29,13.22,12.64,13.28,12.29,9714443.0,124967040.0
2014-05-30,12.69,12.73,13.17,12.41,8751531.0,113128104.0
2014-06-03,12.86,12.95,13.06,12.52,7769735.0,99500160.0
2014-06-04,12.98,12.6,12.98,12.18,7961123.0,99242632.0
2014-06-05,12.55,12.76,12.84,12.19,8480880.0,106429808.0
2014-06-06,12.7,12.84,12.97,12.51,6791920.0,87102368.0
2014-06-09,12.92,12.55,12.92,12.48,3903510.0,49427216.0
2014-06-10,12.43,12.29,12.79,11.64,9706131.0,118868672.0
2014-06-11,12.21,12.58,12.59,12.2,4185252.0,51760872.0
2014-06-12,12.41,12.2,12.59,11.93,7440761.0,90928512.0
2014-06-13,12.14,12.64,12.84,12.12,7652941.0,96179432.0
2014-06-16,12.67,13.03,13.11,12.57,7604372.0,97817192.0
2014-06-17,12.98,12.98,13.38,12.8,5432186.0,71095976.0
2014-06-18,12.98,13.61,13.61,12.98,7518150.0,100385352.0
2014-06-19,13.54,13.16,13.68,12.91,6977857.0,92659952.0
2014-06-20,13.1,13.17,13.2,12.76,3997125.0,52231372.0
2014-06-23,13.23,13.89,13.97,13.08,7499477.0,101629280.0
2014-06-24,13.74,13.84,14.28,13.71,6083745.0,85575504.0
2014-06-25,13.99,13.74,13.99,13.51,2806530.0,38414568.0
2014-06-26,13.65,14.16,14.23,13.63,3334887.0,46711688.0
2014-06-27,14.22,13.92,14.41,13.83,3942525.0,55503672.0
2014-06-30,13.75,14.07,14.12,13.74,3495089.0,48566576.0
2014-07-01,13.96,15.47,15.48,13.96,8663508.0,129091104.0
2014-07-02,15.38,15.51,15.72,15.18,5000230.0,76933920.0
2014-07-03,15.46,15.48,15.74,15.29,4284894.0,66351952.0
2014-07-04,15.31,15.19,15.51,14.61,6980725.0,104315096.0
2014-07-07,15.03,14.69,15.15,14.53,6351092.0,93300928.0
2014-07-08,14.76,15.04,15.1,14.4,5144090.0,76091184.0
2014-07-09,14.97,14.51,15.01,14.46,4889042.0,71930496.0
2014-07-10,14.69,13.86,14.69,13.69,7735133.0,109091600.0
2014-07-11,13.7,13.78,14.19,13.65,7197491.0,100075608.0
2014-07-14,13.8,14.42,14.42,13.65,6383578.0,90093888.0
2014-07-15,14.41,13.91,14.41,13.48,7714741.0,106765336.0
2014-07-16,13.78,13.08,13.89,13.03,8111332.0,108205112.0
2014-07-17,13.1,13.32,13.35,13.03,5384622.0,71178304.0
2014-07-18,13.18,13.21,13.33,13.01,5234511.0,68842544.0
2014-07-21,13.22,13.33,13.45,12.98,4212923.0,55465992.0
2014-07-22,13.33,13.88,13.99,13.28,7386381.0,101653744.0
2014-07-23,13.88,13.38,14.1,13.19,6384277.0,87209560.0
2014-07-24,13.28,13.23,13.53,12.98,8204041.0,108299136.0
2014-07-25,13.39,13.71,13.75,13.14,7483017.0,100845520.0
2014-07-28,13.51,13.85,13.96,13.32,8978004.0,122426872.0
2014-07-29,14.1,14.15,14.24,13.87,9446731.0,132978104.0
2014-07-30,14.19,14.15,14.22,13.9,6300164.0,88809064.0
2014-07-31,14.26,14.18,14.29,14.06,3222892.0,45583864.0
2014-08-01,14.2,13.75,14.42,13.67,6212111.0,87477216.0
2014-08-04,13.65,13.79,13.85,13.42,5424387.0,73776096.0
2014-08-05,13.82,13.91,13.98,13.59,3876232.0,53563688.0
2014-08-06,13.87,14.17,14.36,13.7,5838203.0,82512664.0
2014-08-07,14.28,14.4,14.52,13.92,7688133.0,110130568.0
2014-08-08,14.41,14.38,14.51,14.22,4034360.0,57940888.0
2014-08-11,14.49,14.46,14.56,14.25,4842824.0,69937296.0
2014-08-12,14.38,14.51,14.56,14.17,7061728.0,101477704.0
2014-08-13,14.47,15.08,15.19,14.36,9409050.0,139448912.0
2014-08-14,14.92,15.78,15.95,14.92,12156828.0,189770064.0
2014-08-15,15.74,15.58,15.84,15.37,6362789.0,98918920.0
2014-08-18,15.58,15.8,15.9,15.38,5483588.0,85883552.0
2014-08-19,15.97,15.24,15.99,15.22,7402861.0,114127720.0
2014-08-20,15.37,14.75,15.43,14.56,7030352.0,105723824.0
2014-08-21,14.78,14.93,14.94,14.54,6045534.0,88725400.0
2014-08-22,14.9,14.92,15.05,14.79,4412506.0,65807960.0
2014-08-25,14.95,15.36,15.37,14.75,4958020.0,74812848.0
2014-08-26,15.27,14.44,15.33,14.28,9499066.0,140275600.0
2014-08-27,14.28,14.38,14.59,14.15,5082770.0,72797840.0
2014-08-28,14.41,14.69,14.84,14.41,4859870.0,71029376.0
2014-08-29,14.72,15.45,15.79,14.72,9630015.0,148374880.0
2014-09-01,15.48,15.6,15.79,15.2,7272734.0,112940424.0
2014-09-02,15.6,15.33,15.67,15.32,9761448.0,150656528.0
2014-09-03,15.36,15.4,15.54,15.23,7822230.0,120057192.0
2014-09-04,15.29,15.09,15.29,15.01,10004959.0,151325328.0
2014-09-05,15.11,15.14,15.27,14.86,7008696.0,105462272.0
2014-09-09,15.14,15.06,15.18,14.9,6490475.0,97547528.0
2014-09-10,14.6,14.42,14.6,14.16,21096441.0,302443712.0
2014-09-11,14.42,14.3,14.55,14.26,11525386.0,165724320.0
2014-09-12,14.28,14.3,14.38,14.19,6648241.0,94971360.0
2014-09-15,14.33,14.76,14.77,14.33,12733962.0,186551840.0
2014-09-16,14.81,14.06,14.87,13.95,9966487.0,143233024.0
2014-09-17,14.06,14.11,14.19,13.58,6737453.0,93703384.0
2014-09-18,14.08,13.88,14.08,13.78,4817261.0,66866704.0
2014-09-19,13.86,13.88,14.05,13.7,3843963.0,53243500.0
2014-09-22,13.87,14.23,14.38,13.56,7738485.0,108300168.0
2014-09-23,14.16,14.32,14.37,14.11,5336178.0,76139648.0
2014-09-24,14.25,14.26,14.36,14.16,3993467.0,57027324.0
2014-09-25,14.37,14.14,14.69,14.09,5429834.0,78197496.0
2014-09-26,14.15,13.93,14.15,13.83,3568316.0,49748988.0
2014-09-29,14.01,13.98,14.19,13.92,3672702.0,51598120.0
2014-09-30,14.05,14.2,14.23,13.95,6485593.0,91500248.0
2014-10-08,14.22,14.19,14.32,14.13,5068428.0,71845208.0
2014-10-09,14.33,14.27,14.34,14.06,5478546.0,77986784.0
2014-10-10,14.19,14.11,14.22,14.06,3649017.0,51530192.0
2014-10-13,14.12,13.77,14.12,13.39,9388917.0,128104952.0
2014-10-14,13.65,13.58,13.76,13.55,4395749.0,60032020.0
2014-10-15,13.58,13.81,13.97,13.58,5125806.0,70713160.0
2014-10-16,13.83,13.4,13.83,13.38,4319947.0,58714848.0
2014-10-17,13.48,13.05,13.6,12.82,6492051.0,85058040.0
2014-10-20,13.07,13.17,13.19,12.99,4755295.0,62106260.0
2014-10-21,13.23,12.97,13.3,12.87,4745329.0,61734948.0
2014-10-22,13.01,12.83,13.03,12.8,4948753.0,63842256.0
2014-10-23,12.87,12.75,12.91,12.69,2981317.0,38227496.0
2014-10-24,12.76,12.91,12.92,12.53,2853278.0,36506208.0
2014-10-27,12.86,13.44,13.44,12.74,6345634.0,83721984.0
2014-10-28,13.49,13.51,13.62,13.28,6161576.0,83012264.0
2014-10-29,13.55,14.06,14.09,13.54,11542684.0,161129296.0
2014-10-30,14.06,13.91,14.07,13.83,4917081.0,68394112.0
2014-10-31,13.83,14.04,14.24,13.83,7588026.0,107111400.0
2014-11-03,14.04,14.23,14.34,13.84,5922032.0,83419048.0
2014-11-04,14.23,14.21,14.4,14.14,6161024.0,88082640.0
2014-11-05,14.21,13.89,14.24,13.8,4203581.0,58812964.0
2014-11-06,13.89,14.06,14.19,13.8,4176590.0,58484536.0
2014-11-07,14.06,13.8,14.22,13.78,5345314.0,74713752.0
2014-11-10,13.8,13.58,13.85,13.32,4439412.0,59993288.0
2014-11-11,13.55,13.06,13.64,12.7,7831028.0,101831440.0
2014-11-12,12.98,12.96,13.0,12.63,5048028.0,64917260.0
2014-11-13,12.92,12.65,13.13,12.6,5310672.0,67872416.0
2014-11-14,12.61,12.92,12.97,12.61,4376810.0,56386840.0
2014-11-17,12.87,13.08,13.23,12.78,3624460.0,47176848.0
2014-11-18,13.08,13.39,13.46,13.02,3763361.0,50213828.0
2014-11-19,13.39,13.44,13.65,13.28,3692954.0,49884208.0
2014-11-20,13.46,13.66,13.74,13.24,5224221.0,70671704.0
2014-11-21,14.1,13.84,14.48,13.75,11355418.0,160467008.0
2014-11-24,13.83,14.06,14.18,13.7,8857315.0,123378376.0
2014-11-25,14.05,14.12,14.22,13.93,7153357.0,100955488.0
2014-11-26,14.12,14.78,14.85,14.12,14110366.0,205867984.0
2014-11-27,14.76,14.6,14.9,14.48,11557045.0,169872352.0
2014-11-28,14.61,14.44,14.79,14.35,6595670.0,95546728.0
2014-12-01,14.6,14.21,14.6,14.05,6551951.0,93177288.0
2014-12-02,14.22,14.44,14.49,14.06,6320680.0,90482384.0
2014-12-03,14.5,15.12,15.23,14.5,12123719.0,181392768.0
2014-12-04,15.16,15.42,15.67,15.16,11459228.0,176788368.0
2014-12-05,15.28,15.19,15.4,14.59,8339217.0,125455088.0
2014-12-08,15.15,14.61,15.15,14.45,9521601.0,138917232.0
2014-12-09,14.54,14.04,14.54,14.01,7947238.0,113373224.0
2014-12-10,13.99,14.43,14.64,13.99,4993965.0,71583096.0
2014-12-11,14.43,14.24,14.56,14.01,6450073.0,91641856.0
2014-12-12,14.15,14.48,14.54,14.15,4661310.0,66861144.0
2014-12-15,14.51,14.5,14.68,14.32,6639491.0,96318328.0
2014-12-16,14.49,14.19,14.52,14.09,5572850.0,79133504.0
2014-12-17,14.19,13.77,14.31,13.63,7224991.0,99710112.0
2014-12-18,13.76,13.87,14.07,13.76,3877956.0,54164304.0
2014-12-19,13.83,14.1,14.18,13.41,6443077.0,87460840.0
2014-12-22,13.72,13.64,14.03,13.26,5243252.0,71129584.0
2014-12-23,13.74,13.88,13.99,13.47,4231009.0,58177608.0
2014-12-24,13.93,14.22,14.22,13.51,5699491.0,80193208.0
2014-12-25,14.23,14.11,14.32,14.0,2788147.0,39435704.0
2014-12-26,14.35,14.16,14.35,14.01,3761570.0,53266076.0
2014-12-29,14.13,13.69,14.33,13.6,5589482.0,77624992.0
2014-12-30,13.69,13.6,13.74,13.12,5788322.0,77717568.0
2014-12-31,13.25,13.7,13.8,13.25,4564181.0,61594600.0
2015-01-05,13.72,13.56,13.72,13.36,4910992.0,66336512.0
2015-01-06,13.56,13.87,13.94,13.44,7236519.0,99443848.0
2015-01-07,13.72,13.61,13.91,13.42,5473517.0,74531528.0
2015-01-08,13.69,14.0,14.09,13.44,7711726.0,106471600.0
2015-01-09,13.99,14.56,15.05,13.96,13823839.0,202723456.0
2015-01-12,14.51,14.78,15.14,14.44,8409418.0,124961080.0
2015-01-13,14.85,14.9,15.05,14.47,6030838.0,89934992.0
2015-01-14,14.9,14.95,15.06,14.66,5758672.0,85678120.0
2015-01-15,14.94,14.59,15.04,14.5,4772041.0,70249760.0
2015-01-16,14.42,14.7,14.75,14.42,4729546.0,68951560.0
2015-01-19,14.15,14.17,14.95,14.02,6740483.0,97832288.0
2015-01-20,14.29,14.6,14.68,14.14,6326599.0,91494552.0
2015-01-21,14.61,15.41,15.51,14.61,11936696.0,179965728.0
2015-01-22,15.52,16.05,16.23,15.25,13121778.0,207880544.0
2015-01-23,16.0,15.85,16.11,15.83,7292124.0,116261416.0
2015-01-26,15.92,16.08,16.2,15.61,6740647.0,107346312.0
2015-01-27,16.09,16.29,16.74,15.97,6596571.0,108314544.0
2015-01-28,16.38,16.17,16.65,16.12,4278774.0,69662024.0
2015-01-29,15.97,16.29,16.33,15.84,4558473.0,73603072.0
2015-01-30,16.35,15.45,16.42,15.3,6975913.0,109312728.0
2015-02-02,15.2,15.73,15.74,15.15,5172037.0,80312112.0
2015-02-03,15.92,16.41,16.57,15.54,6518712.0,105391720.0
2015-02-04,16.38,16.06,16.51,15.97,3165342.0,51261016.0
2015-02-05,15.98,16.43,16.74,15.84,6552021.0,107881528.0
2015-02-06,16.43,15.95,16.56,15.8,4228612.0,68255440.0
2015-02-09,15.88,17.27,17.55,15.79,9055030.0,155322464.0
2015-02-10,17.57,17.33,17.57,16.66,4898626.0,84618304.0
2015-02-11,17.1,17.91,18.09,17.1,5819560.0,103383216.0
2015-02-12,17.8,17.71,18.16,17.48,5465168.0,97247232.0
2015-02-13,17.78,17.46,17.83,17.42,5975274.0,104797312.0
2015-02-16,17.48,18.4,18.59,17.18,6851404.0,122354536.0
2015-02-17,18.34,18.06,18.39,17.8,4749905.0,85883704.0
2015-02-25,18.04,17.4,18.25,17.26,6925288.0,122050256.0
2015-02-26,17.26,17.47,17.55,16.98,4446731.0,76852816.0
2015-02-27,17.57,18.09,18.37,17.57,7381805.0,133289984.0
2015-03-02,18.09,18.26,18.39,17.72,6491810.0,117212664.0
2015-03-03,18.25,17.48,18.25,17.26,9799712.0,174007936.0
2015-03-04,17.48,17.39,17.64,17.05,7686228.0,132804568.0
2015-03-05,17.57,18.15,18.16,17.44,15466251.0,275686848.0
2015-03-06,18.16,16.78,18.43,16.7,16258721.0,279604800.0
2015-03-09,16.86,17.2,17.2,15.87,11616693.0,189977232.0
2015-03-10,17.25,16.61,17.34,16.38,14923629.0,249296688.0
2015-03-11,16.66,16.03,16.68,15.89,13741542.0,221967856.0
2015-03-12,16.11,16.14,16.61,15.95,10323533.0,168149440.0
2015-03-13,16.22,16.18,16.42,16.12,7789916.0,126406088.0
2015-03-16,16.29,16.52,16.52,16.06,15497097.0,253201472.0
2015-03-17,16.59,16.63,16.77,16.43,13052405.0,216703136.0
2015-03-18,16.76,16.95,16.99,16.51,15758164.0,263339136.0
2015-03-19,16.84,16.72,16.96,16.53,13638241.0,228371888.0
2015-03-20,16.72,16.64,16.75,16.53,11293859.0,187569392.0
2015-03-23,16.67,16.79,16.84,16.48,16778050.0,280632992.0
2015-03-24,16.81,17.79,18.03,16.81,29984103.0,522300224.0
2015-03-25,17.75,17.85,17.95,17.37,16579023.0,292623104.0
2015-03-26,17.85,17.42,17.88,17.16,12176696.0,212468400.0
2015-03-27,17.88,17.51,18.48,17.48,18488184.0,329959040.0
2015-03-30,17.47,17.17,17.47,16.88,14936910.0,256006848.0
2015-03-31,17.17,17.09,17.47,16.95,16179334.0,278039008.0
2015-04-01,17.2,17.66,17.79,16.98,22353032.0,389574272.0
2015-04-02,17.67,17.87,18.02,17.57,21897080.0,390571328.0
2015-04-03,17.74,18.01,18.07,17.53,21081052.0,375123680.0
2015-04-07,18.12,18.47,18.62,18.04,26568403.0,487115712.0
2015-04-08,18.47,18.0,18.6,17.89,18835667.0,343245856.0
2015-04-09,17.97,17.35,17.98,16.79,18058135.0,312756000.0
2015-04-10,17.47,17.76,17.91,17.3,11899063.0,211029904.0
2015-04-13,18.16,19.54,19.54,18.13,35894521.0,676471232.0
2015-04-14,19.58,19.3,19.93,19.01,24942482.0,485312448.0
2015-04-15,18.94,18.2,19.02,18.17,15396648.0,285651008.0
2015-04-16,18.08,18.56,18.81,17.89,14254412.0,262643680.0
2015-04-17,18.35,18.21,18.7,18.2,15634922.0,287872640.0
2015-04-20,18.06,17.44,18.06,17.42,16424458.0,289997792.0
2015-04-21,17.46,18.34,18.44,17.46,11588047.0,209190656.0
2015-04-22,18.6,18.57,18.8,18.28,15572765.0,287988064.0
2015-04-23,18.61,19.0,19.42,18.12,26733213.0,500155456.0
2015-04-24,18.57,18.71,18.88,18.25,17602567.0,325893696.0
2015-04-27,18.77,18.35,19.01,18.25,15781974.0,292626752.0
2015-04-28,18.82,18.78,19.62,18.38,46652520.0,885634624.0
2015-04-29,18.76,18.23,18.76,17.71,27841555.0,503973312.0
2015-04-30,18.22,17.74,18.38,17.49,25207761.0,452337376.0
2015-05-04,17.78,17.44,17.88,17.25,21925472.0,381202400.0
2015-05-05,17.54,17.31,17.8,17.25,19726125.0,345451584.0
2015-05-06,17.47,16.99,17.63,16.87,19986513.0,347047168.0
2015-05-07,16.89,16.49,16.99,16.43,14970195.0,249166240.0
2015-05-08,16.7,16.8,16.89,16.5,18628827.0,311055840.0
2015-05-11,16.98,17.41,17.5,16.89,27824023.0,480195328.0
2015-05-12,17.36,17.33,17.58,17.11,25805525.0,446736352.0
2015-05-13,17.32,17.53,17.73,17.14,33515835.0,586409152.0
2015-05-14,17.52,17.16,17.67,17.07,24993017.0,431010688.0
2015-05-15,17.19,16.96,17.2,16.6,21578007.0,362870592.0
2015-05-18,16.82,17.11,17.17,16.75,23221606.0,393818112.0
2015-05-19,17.11,17.62,17.67,16.85,30110215.0,521674272.0
2015-05-20,17.64,17.75,18.31,17.64,37193096.0,668793984.0
2015-05-21,17.98,18.41,18.63,17.75,34216817.0,624216768.0
2015-05-22,19.08,18.49,19.16,18.16,35962460.0,667344064.0
2015-05-25,18.48,19.24,19.33,18.31,42923523.0,805376768.0
2015-05-26,19.4,20.06,20.23,19.07,44542387.0,873262528.0
2015-05-27,20.08,19.75,20.13,19.4,33403083.0,657784256.0
2015-05-28,19.76,18.28,20.48,18.21,41597180.0,814720256.0
2015-05-29,18.25,18.35,18.7,17.36,30922945.0,565519232.0
2015-06-01,18.35,19.44,19.53,18.35,32035707.0,607258112.0
2015-06-02,19.48,21.38,21.38,19.31,41440668.0,831686528.0
2015-06-03,21.64,21.97,22.29,20.92,47489260.0,1027912960.0
2015-06-04,21.91,21.73,22.09,19.79,37857831.0,801814528.0
2015-06-05,21.87,23.26,23.89,21.5,54701090.0,1241515392.0
2015-06-08,22.84,22.1,23.18,21.54,40465867.0,901819584.0
2015-06-09,22.22,21.6,22.5,21.36,28708599.0,627554304.0
2015-06-10,21.81,22.67,23.11,21.59,37251128.0,832795712.0
2015-06-11,22.51,23.96,24.08,22.45,41023333.0,959828608.0
2015-06-12,23.81,24.18,24.73,23.33,35101016.0,841158080.0
2015-06-15,24.21,22.89,24.21,22.73,29045095.0,676867392.0
2015-06-16,23.05,20.92,23.05,20.62,40610069.0,879307968.0
2015-06-17,20.65,21.49,21.65,20.37,25651481.0,538364992.0
2015-06-18,21.45,20.11,21.62,19.93,21737915.0,454134272.0
2015-06-19,19.85,18.87,20.36,18.4,21642712.0,419468416.0
2015-06-23,18.85,19.91,19.94,18.44,15114727.0,292807712.0
2015-06-24,19.59,18.96,19.9,18.55,33401779.0,639271744.0
2015-06-25,18.8,17.08,18.85,17.06,29445720.0,527683168.0
2015-06-26,16.5,15.38,16.5,15.38,27024932.0,425791616.0
2015-06-29,15.77,14.21,15.86,13.84,31138321.0,458250880.0
2015-06-30,14.2,15.6,15.63,13.11,32950978.0,478486432.0
2015-07-01,15.13,14.04,15.74,14.04,26690396.0,404964480.0
2015-07-02,14.04,12.64,14.21,12.64,26130277.0,344684448.0
2015-07-03,11.93,12.11,13.58,11.38,28764384.0,352144736.0
2015-07-06,13.32,12.42,13.32,11.12,30414419.0,376699712.0
2015-07-07,12.01,12.55,12.64,11.24,35431153.0,425813408.0
2015-07-08,11.31,11.3,11.94,11.3,33142629.0,378794016.0
2015-07-09,11.3,12.42,12.42,10.74,25208608.0,300190112.0
2015-07-10,13.12,13.67,13.67,12.91,17742793.0,240069408.0
2015-07-13,14.56,15.04,15.04,13.96,38729911.0,565056256.0
2015-07-14,14.67,14.76,15.75,14.27,43410787.0,651651584.0
2015-07-15,14.35,13.29,14.79,13.29,23043050.0,320045632.0
2015-07-16,13.29,13.58,14.03,12.38,18417139.0,245274896.0
2015-07-17,13.64,14.45,14.56,13.64,18352659.0,262073424.0
2015-07-20,14.67,14.59,14.98,14.24,21798109.0,319698880.0
2015-07-21,14.12,14.94,14.98,14.12,16799079.0,245881744.0
2015-07-22,14.79,14.72,15.12,14.29,16115606.0,237894480.0
2015-07-23,14.67,15.15,15.24,14.5,18708138.0,279529184.0
2015-07-24,15.37,14.44,15.37,14.29,19401913.0,290258112.0
2015-07-27,14.07,13.0,14.26,13.0,17463396.0,238339696.0
2015-07-28,12.37,13.09,13.46,11.77,21952610.0,275580480.0
2015-07-29,13.37,13.68,13.75,12.56,12274085.0,161050992.0
2015-07-30,13.63,13.84,14.53,13.39,18295144.0,255347760.0
2015-07-31,13.55,13.85,13.94,13.19,15540545.0,211203360.0
2015-08-03,13.58,14.19,14.21,13.54,20866409.0,286329248.0
2015-08-04,14.33,15.33,15.36,14.14,18132783.0,269167584.0
2015-08-05,15.33,14.64,15.36,14.55,16051585.0,238872976.0
2015-08-06,14.21,14.0,14.54,13.98,8806029.0,125588216.0
2015-08-07,14.22,14.32,14.48,14.0,10047680.0,143430704.0
2015-08-10,14.41,15.07,15.31,14.13,21617002.0,318289280.0
2015-08-11,15.08,15.19,15.52,14.72,23587323.0,355607360.0
2015-08-12,14.9,14.76,15.25,14.72,12607775.0,189039264.0
2015-08-13,14.76,14.99,15.22,14.53,13894646.0,206399888.0
2015-08-14,15.04,14.94,15.4,14.87,16813665.0,253758400.0
2015-08-17,14.77,14.87,15.05,14.63,14342253.0,212423728.0
2015-08-18,14.82,13.39,15.07,13.39,16420147.0,234276576.0
2015-08-19,13.02,13.34,13.47,12.1,17653362.0,226436512.0
2015-08-20,13.34,13.34,13.34,13.34,0.0,0.0
2015-08-21,13.34,13.34,13.34,13.34,0.0,0.0
2015-08-24,12.01,12.01,12.18,12.01,12613334.0,151525616.0
2015-08-25,10.89,10.81,11.76,10.81,16428749.0,183155264.0
2015-08-26,10.81,10.03,11.31,9.96,11522427.0,123654704.0
2015-08-27,10.11,10.52,10.95,9.72,9522666.0,97784240.0
2015-08-28,10.82,11.23,11.31,10.77,12292609.0,135653792.0
2015-08-31,11.28,11.78,11.81,10.71,12122598.0,136604672.0
2015-09-01,11.33,12.11,12.15,10.74,19873691.0,231461424.0
2015-09-02,11.51,13.32,13.32,11.44,23877668.0,304828448.0
2015-09-07,13.18,12.42,13.74,12.03,23136613.0,303750144.0
2015-09-08,11.94,12.88,13.0,11.56,12049411.0,146914368.0
2015-09-09,13.01,14.06,14.12,12.57,23418295.0,314347040.0
2015-09-10,13.4,12.88,13.64,12.73,17726952.0,233805824.0
2015-09-11,12.82,12.61,13.28,12.47,10446610.0,133222880.0
2015-09-14,12.64,11.35,12.74,11.35,11295678.0,133503752.0
2015-09-15,10.84,10.21,11.19,10.21,9440297.0,100124560.0
2015-09-16,10.24,11.05,11.23,9.99,9381839.0,99305376.0
2015-09-17,10.98,10.58,11.12,10.54,9769792.0,106225368.0
2015-09-18,10.65,10.73,10.9,10.43,5089836.0,54270512.0
2015-09-21,10.63,11.21,11.24,10.53,6594440.0,72755544.0
2015-09-22,11.28,11.19,11.45,11.08,7774598.0,87128952.0
2015-09-23,11.0,10.89,11.17,10.77,6161051.0,67244840.0
2015-09-24,10.93,10.96,11.11,10.87,5086093.0,55959004.0
2015-09-25,11.31,10.74,11.4,10.59,11226761.0,124282672.0
2015-09-28,10.72,10.75,10.84,10.55,4724393.0,50447992.0
2015-09-29,10.62,10.5,10.69,10.45,4327884.0,45682728.0
2015-09-30,10.57,10.52,10.65,10.47,3331030.0,35147032.0
2015-10-08,11.07,10.91,11.09,10.81,6613871.0,72313008.0
2015-10-09,11.28,12.0,12.0,11.28,10200047.0,119591968.0
2015-10-12,12.65,12.43,13.03,12.38,26416403.0,334084992.0
2015-10-13,12.31,12.6,13.01,12.17,20933312.0,263344032.0
2015-10-14,12.4,12.68,13.02,12.35,18232189.0,230467632.0
2015-10-15,12.49,12.88,13.11,12.42,17741803.0,227944192.0
2015-10-16,13.03,13.01,13.48,12.93,21524474.0,283362816.0
2015-10-19,13.0,12.62,13.04,12.42,13591465.0,172545136.0
2015-10-20,12.56,12.56,12.93,12.51,15769628.0,200066432.0
2015-10-21,12.68,11.42,12.79,11.34,18943731.0,231666272.0
2015-10-22,11.4,11.73,11.78,11.19,12861395.0,147775920.0
2015-10-23,11.88,12.05,12.06,11.72,11302929.0,134453024.0
2015-10-26,12.21,12.31,12.43,12.02,13026454.0,159682192.0
2015-10-27,12.23,12.25,12.36,11.64,10488297.0,125681808.0
2015-10-28,12.14,12.03,12.34,11.98,8476100.0,102884800.0
2015-10-29,12.27,13.23,13.23,12.19,27631309.0,356645984.0
2015-10-30,13.16,12.86,13.25,12.53,23475012.0,304055872.0
2015-11-02,12.76,13.06,13.59,12.5,21223696.0,280899936.0
2015-11-03,13.12,12.86,13.27,12.66,11195571.0,144173776.0
2015-11-04,12.93,13.84,14.12,12.89,29005465.0,391667008.0
2015-11-05,13.71,13.55,13.86,13.39,24376324.0,331860160.0
2015-11-06,13.64,13.95,14.3,13.64,24725246.0,345158080.0
2015-11-09,13.85,14.27,14.44,13.62,19436502.0,273800800.0
2015-11-10,14.34,14.27,14.57,13.93,16447518.0,233861712.0
2015-11-11,14.29,14.07,14.29,13.89,13016939.0,182694320.0
2015-11-12,14.08,14.24,14.52,13.77,14158430.0,200366480.0
2015-11-13,14.03,13.51,14.11,13.3,11413902.0,156602720.0
2015-11-16,13.17,13.88,13.93,13.03,7933227.0,108874032.0
2015-11-17,13.9,13.63,14.11,13.4,10650530.0,146772960.0
2015-11-18,13.65,13.25,13.75,13.2,8689224.0,116606432.0
2015-11-19,13.25,13.75,13.88,13.25,16281722.0,222608352.0
2015-11-20,13.8,14.08,14.26,13.65,25926476.0,362499456.0
2015-11-23,14.15,13.85,14.36,13.74,16242038.0,228841344.0
2015-11-24,13.85,13.95,14.01,13.48,10543598.0,144622352.0
2015-11-25,14.0,13.93,14.07,13.71,11603092.0,160937184.0
2015-11-26,13.88,13.9,14.18,13.84,13527022.0,189233920.0
2015-11-27,13.77,12.75,13.85,12.53,16361558.0,216789664.0
2015-11-30,12.84,12.39,12.84,11.92,10637910.0,131973672.0
2015-12-01,12.42,12.46,12.7,12.15,7734265.0,96473968.0
2015-12-02,12.47,12.4,12.75,12.15,7265446.0,90130864.0
2015-12-03,12.4,12.62,12.66,12.4,7630842.0,95783861.0
2015-12-04,12.56,12.66,12.79,12.52,7805082.0,98796328.0
2015-12-07,12.75,12.78,12.87,12.61,6212767.0,79244455.0
2015-12-08,12.75,12.26,12.75,12.24,6237654.0,77538800.0
2015-12-09,12.2,12.0,12.31,11.92,6690377.0,80903316.0
2015-12-10,11.92,12.01,12.16,11.89,5543960.0,66653544.0
2015-12-11,12.09,12.4,12.49,11.89,8091358.0,98858168.0
2015-12-14,12.36,12.79,12.8,12.2,9098875.0,114718264.0
2015-12-15,12.84,13.3,13.35,12.64,15542986.0,201842832.0
2015-12-16,13.85,13.81,14.58,13.75,32346214.0,455687744.0
2015-12-17,13.91,14.05,14.15,13.76,24938788.0,346892384.0
2015-12-18,13.95,13.61,13.95,13.58,13040346.0,179222544.0
2015-12-21,13.35,13.57,13.76,13.34,10621326.0,144165632.0
2015-12-22,13.67,13.63,13.81,13.41,7098991.0,96275869.0
2015-12-23,13.69,13.42,13.78,13.39,9364448.0,127805696.0
2015-12-24,13.42,13.63,13.71,13.02,8396227.0,111745424.0
2015-12-25,13.59,13.51,13.75,13.46,6745634.0,91672593.0
2015-12-28,13.51,13.06,13.94,13.03,12819391.0,174226879.0
2015-12-29,13.07,13.34,13.35,12.94,6375827.0,83978167.0
2015-12-30,13.34,13.49,13.63,13.11,9059364.0,120660260.0
2015-12-31,13.48,13.26,13.58,13.03,8288900.0,111124252.0
2016-01-04,13.27,11.94,13.27,11.93,7093424.0,88945156.0
2016-01-05,11.37,11.66,12.17,11.2,10355424.0,121817198.0
2016-01-06,11.86,11.85,11.9,11.54,6692206.0,78483476.0
2016-01-07,11.65,10.71,11.65,10.67,1893915.0,21353708.0
2016-01-08,11.09,10.78,11.19,10.46,9254188.0,100929811.0
2016-01-11,10.64,9.7,10.64,9.7,8744191.0,88973667.0
2016-01-12,9.63,9.8,9.99,9.33,8115704.0,79028334.0
2016-01-13,9.91,9.91,10.16,9.72,9822677.0,98301346.0
2016-01-14,9.51,10.24,10.27,9.49,5622066.0,56026325.0
2016-01-15,10.25,9.85,10.38,9.63,5352347.0,53615937.0
2016-01-18,9.41,9.9,10.08,9.41,4982341.0,49069053.0
2016-01-19,9.96,10.24,10.31,9.91,6274231.0,63630822.0
2016-01-20,10.14,9.95,10.21,9.88,5886683.0,59057090.0
2016-01-21,9.85,9.51,10.08,9.49,5070741.0,49705594.0
2016-01-22,9.76,9.69,9.81,9.44,3805834.0,36614605.0
2016-01-25,9.77,9.75,9.89,9.63,3874163.0,37889021.0
2016-01-26,9.63,8.79,9.7,8.78,6885356.0,63530385.0
2016-01-27,8.91,8.67,8.91,7.99,8793472.0,74934705.0
2016-01-28,8.53,8.73,8.88,8.34,5378808.0,46763471.0
2016-01-29,8.71,9.04,9.15,8.58,5824299.0,51776881.0
2016-02-01,8.94,8.78,9.03,8.45,4852063.0,42239771.0
2016-02-02,8.78,9.04,9.12,8.71,6479868.0,58254005.0
2016-02-03,8.89,8.92,9.01,8.76,2970873.0,26377486.0
2016-02-04,8.99,9.08,9.12,8.88,4368325.0,39563473.0
2016-02-05,9.1,8.83,9.15,8.82,3779316.0,33927509.0
2016-02-15,8.48,8.89,9.04,8.42,4382673.0,38558987.0
2016-02-16,8.94,9.23,9.29,8.86,5522927.0,50461279.0
2016-02-17,9.22,9.87,9.9,9.05,14473631.0,134136208.0
2016-02-18,9.72,9.76,9.94,9.64,12555294.0,122628843.0
2016-02-19,9.65,9.72,9.87,9.58,6204864.0,60314964.0
2016-02-22,9.99,9.93,9.99,9.72,8110500.0,80156121.0
2016-02-23,9.99,9.71,9.99,9.6,6184035.0,60388551.0
2016-02-24,9.68,9.68,9.79,9.45,4822937.0,46354551.0
2016-02-25,9.63,8.71,9.67,8.71,6881176.0,62970602.0
2016-02-26,8.88,8.61,8.88,8.33,7121061.0,61238588.0
2016-02-29,8.63,7.81,8.63,7.75,7380737.0,59048065.0
2016-03-01,7.89,8.11,8.22,7.79,6748086.0,53960710.0
2016-03-02,8.08,8.49,8.57,8.08,5970369.0,49951786.0
2016-03-03,8.56,8.63,8.76,8.46,5933729.0,51211381.0
2016-03-04,8.58,8.24,8.69,8.07,6964426.0,58296616.0
2016-03-07,8.39,8.41,8.56,8.28,4258273.0,35869944.0
2016-03-08,8.37,8.36,8.44,7.98,5739133.0,46757246.0
2016-03-09,8.25,8.13,8.27,8.02,5391001.0,43920977.0
2016-03-10,8.17,8.0,8.25,7.95,6280599.0,50780307.0
2016-03-11,7.89,8.15,8.25,7.87,5237026.0,42392044.0
2016-03-14,8.29,8.44,8.57,8.26,7280557.0,61533811.0
2016-03-15,8.43,8.34,8.56,8.3,6568419.0,55304621.0
2016-03-16,8.36,8.1,8.45,7.97,6344652.0,51828938.0
2016-03-17,8.16,8.47,8.53,8.1,9623155.0,80753654.0
2016-03-18,8.62,8.91,8.97,8.53,10070876.0,88473162.0
2016-03-21,9.17,9.4,9.67,9.17,13032577.0,122254258.0
2016-03-22,9.44,9.22,9.45,9.17,9422385.0,87300579.0
2016-03-23,9.4,9.27,9.4,9.08,7863213.0,72295675.0
2016-03-24,9.12,9.07,9.25,9.0,7785812.0,70972900.0
2016-03-25,8.88,9.14,9.18,8.88,4109219.0,37308536.0
2016-03-28,9.15,9.11,9.33,9.09,6353726.0,58481993.0
2016-03-29,9.1,8.82,9.14,8.76,5489774.0,48863177.0
2016-03-30,8.89,9.14,9.15,8.87,7601962.0,68697308.0
2016-03-31,9.17,9.12,9.3,9.11,5768811.0,52919130.0
2016-04-01,9.08,9.0,9.13,8.82,5080783.0,45498270.0
2016-04-05,9.09,9.51,9.61,8.99,13582150.0,127488145.0
2016-04-06,9.5,9.41,9.5,9.3,7710516.0,72471395.0
2016-04-07,9.49,9.18,9.49,9.17,8583327.0,79781682.0
2016-04-08,9.15,9.31,9.33,9.03,6475495.0,59411803.0
2016-04-11,9.35,9.59,9.78,9.24,13111134.0,125143370.0
2016-04-12,9.54,9.46,9.54,9.31,7128765.0,67175452.0
2016-04-13,9.51,9.5,9.77,9.44,12782142.0,122945382.0
2016-04-14,9.5,9.83,9.86,9.49,11562159.0,111307509.0
2016-04-15,9.84,9.73,9.85,9.64,8143320.0,79051946.0
2016-04-18,9.56,9.5,9.67,9.35,5940671.0,56300003.0
2016-04-19,9.58,9.5,9.61,9.35,3875529.0,36676629.0
2016-04-20,9.55,8.81,9.55,8.63,11659832.0,105178613.0
2016-04-21,8.81,8.69,8.9,8.59,5156279.0,45350698.0
2016-04-22,8.57,8.65,8.76,8.56,5423589.0,46831254.0
2016-04-25,8.66,8.57,8.66,8.39,5623115.0,47720187.0
2016-04-26,8.53,8.61,8.67,8.51,5030315.0,43185719.0
2016-04-27,8.57,8.5,8.71,8.49,5209279.0,44755125.0
2016-04-28,8.48,8.5,8.58,8.35,4926172.0,41667817.0
2016-04-29,8.42,8.45,8.53,8.4,3951192.0,33478114.0
2016-05-03,8.46,8.72,8.74,8.42,8370020.0,72294271.0
2016-05-04,8.68,8.88,9.12,8.65,10322529.0,92359193.0
2016-05-05,8.92,8.87,8.98,8.75,5030191.0,44388898.0
2016-05-06,8.87,8.44,8.95,8.43,7906172.0,68277169.0
2016-05-09,8.39,8.1,8.39,8.07,6632713.0,54123089.0
2016-05-10,8.07,8.0,8.14,7.96,4286942.0,34581014.0
2016-05-11,8.06,7.96,8.1,7.89,4618265.0,36959592.0
2016-05-12,7.89,8.03,8.04,7.81,5093183.0,40360655.0
2016-05-13,8.0,7.95,8.13,7.88,5332935.0,42539683.0
2016-05-16,7.95,8.05,8.06,7.81,4172088.0,33130933.0
2016-05-17,8.11,8.04,8.16,7.95,5086045.0,41029817.0
2016-05-18,7.98,7.78,7.98,7.7,5220676.0,40834039.0
2016-05-19,7.79,7.81,7.94,7.78,5827895.0,45715693.0
2016-05-20,7.76,7.86,7.88,7.7,3635329.0,28399569.0
2016-05-23,7.88,8.65,8.65,7.85,16758518.0,143335130.0
2016-05-24,8.93,9.14,9.43,8.86,38008189.0,344139832.0
2016-05-25,9.22,9.0,9.22,8.89,18970251.0,170321057.0
2016-05-26,8.94,8.94,8.97,8.6,16407669.0,144240657.0
2016-05-27,8.89,8.94,9.05,8.82,15606057.0,139495401.0
2016-05-30,8.83,8.71,8.91,8.66,10692996.0,93715221.0
2016-05-31,8.72,9.11,9.12,8.72,20693664.0,186340882.0
2016-06-01,9.16,9.74,10.02,9.0,37360999.0,354273298.0
2016-06-02,9.63,10.7,10.71,9.51,45500163.0,468661264.0
2016-06-03,10.64,10.33,10.73,10.28,30936460.0,324730811.0
2016-06-06,10.37,10.43,10.54,10.2,19398215.0,201237915.0
2016-06-07,10.43,10.65,10.68,10.32,19911892.0,208413290.0
2016-06-08,10.45,10.3,10.54,10.22,18312341.0,189638052.0
2016-06-13,10.18,9.3,10.22,9.29,24469412.0,237724366.0
2016-06-14,9.29,9.24,9.4,9.04,14436238.0,132626923.0
2016-06-15,9.11,9.76,9.9,9.1,18483236.0,177558056.0
2016-06-16,9.75,10.14,10.28,9.51,26040009.0,258091169.0
2016-06-17,10.15,9.88,10.21,9.79,17411334.0,173797743.0
2016-06-20,9.9,10.04,10.06,9.74,11862119.0,118056986.0
2016-06-21,10.1,9.56,10.18,9.43,13577830.0,132947315.0
2016-06-22,9.52,9.84,9.88,9.34,12661431.0,121973703.0
2016-06-23,9.74,9.58,9.83,9.48,10532747.0,101720022.0
2016-06-24,9.67,9.96,10.32,9.32,27256163.0,271176525.0
2016-06-27,9.77,10.24,10.33,9.74,20209738.0,204248294.0
2016-06-28,10.11,10.32,10.36,10.04,16021550.0,163077765.0
2016-06-29,10.35,10.08,10.5,10.02,14078314.0,142671806.0
2016-06-30,10.15,9.9,10.16,9.88,9890751.0,98680078.0
2016-07-01,9.91,9.91,10.22,9.76,10934131.0,109183873.0
2016-07-04,9.85,10.2,10.25,9.76,16630452.0,168146331.0
2016-07-05,10.14,10.08,10.21,9.94,11770018.0,118364974.0
2016-07-06,10.01,10.04,10.25,9.94,9586564.0,96444391.0
2016-07-07,10.0,9.91,10.15,9.8,10994233.0,109354977.0
2016-07-08,9.81,9.61,9.87,9.53,14432109.0,139197353.0
2016-07-11,9.68,9.6,9.83,9.56,9020691.0,87626525.0
2016-07-12,9.67,9.7,9.72,9.42,11261568.0,107633770.0
2016-07-13,9.73,10.24,10.26,9.72,22449968.0,224405291.0
2016-07-14,10.18,10.15,10.24,10.01,12793001.0,129417753.0
2016-07-15,10.15,10.19,10.25,9.94,12295655.0,124027619.0
2016-07-18,10.16,10.0,10.19,9.93,7478241.0,75263601.0
2016-07-19,9.94,10.06,10.11,9.83,7451439.0,74415544.0
2016-07-20,10.07,10.34,10.37,10.04,16035750.0,163570870.0
2016-07-21,10.35,10.16,10.46,10.1,16475410.0,168900995.0
2016-07-22,10.08,10.28,10.35,10.08,12673420.0,129464231.0
2016-07-25,10.53,11.3,11.31,10.5,50420504.0,560823639.0
2016-07-26,11.1,11.14,11.18,10.88,31777714.0,349932751.0
2016-07-27,11.12,10.36,11.12,10.17,27665971.0,294117209.0
2016-07-28,10.37,10.86,10.96,10.2,23711737.0,251365932.0
2016-07-29,10.87,10.5,10.87,10.45,12793032.0,135827690.0
2016-08-01,10.28,9.83,10.45,9.64,13417802.0,132851731.0
2016-08-02,9.81,9.96,9.99,9.74,5787382.0,57209485.0
2016-08-03,9.9,9.99,10.05,9.79,7082783.0,70377427.0
2016-08-04,9.99,10.04,10.05,9.81,7127421.0,71009720.0
2016-08-05,10.03,9.68,10.03,9.66,9520794.0,93655824.0
2016-08-08,9.65,9.83,9.88,9.43,6936198.0,67055642.0
2016-08-09,9.8,9.87,9.94,9.77,7226532.0,71117468.0
2016-08-10,9.9,9.91,9.94,9.79,7162111.0,70667257.0
2016-08-11,9.91,9.7,9.94,9.58,7905118.0,76844784.0
2016-08-12,9.62,9.89,10.07,9.62,6570652.0,64530944.0
2016-08-15,9.95,10.04,10.14,9.76,9954280.0,99438563.0
2016-08-16,10.04,10.37,10.49,10.01,14560561.0,148849272.0
2016-08-17,10.32,10.24,10.34,10.15,8758957.0,89703595.0
2016-08-18,10.22,10.27,10.37,10.18,7991899.0,81944979.0
2016-08-19,10.28,10.24,10.45,10.07,9069925.0,93019197.0
2016-08-22,10.25,9.98,10.32,9.96,5816961.0,58864369.0
2016-08-23,9.99,9.93,10.05,9.79,4404999.0,43762714.0
2016-08-24,9.95,10.38,10.41,9.87,15528115.0,158774860.0
2016-08-25,10.28,10.34,10.43,10.08,10828351.0,110627886.0
2016-08-26,10.36,10.21,10.59,10.18,13176927.0,137048125.0
2016-08-29,10.24,10.17,10.27,10.06,7273054.0,73713082.0
2016-08-30,10.18,10.53,10.61,10.18,17311761.0,180988387.0
2016-08-31,10.52,10.65,10.93,10.45,20260470.0,216901088.0
2016-09-01,10.66,10.63,10.79,10.51,9428620.0,100010053.0
2016-09-02,10.53,10.51,10.59,10.34,8904421.0,93156407.0
2016-09-05,10.64,10.9,10.98,10.54,16659191.0,179856126.0
2016-09-06,10.87,10.87,10.9,10.59,13038600.0,140331779.0
2016-09-07,10.84,10.72,11.04,10.65,12241578.0,132453348.0
2016-09-08,10.78,10.59,10.78,10.48,9704030.0,102681241.0
2016-09-09,10.59,10.28,10.6,10.27,9064649.0,94612411.0
2016-09-12,10.09,9.84,10.1,9.71,10987074.0,108938690.0
2016-09-13,9.91,10.22,10.33,9.91,10395732.0,105495995.0
2016-09-14,10.36,11.25,11.25,10.32,31938098.0,352736636.0
2016-09-19,11.65,11.48,12.0,11.2,65477328.0,758681426.0
2016-09-20,11.38,11.55,11.57,11.15,33552423.0,382254479.0
2016-09-21,11.42,11.17,11.47,11.15,23095874.0,260293961.0
2016-09-22,11.24,11.24,11.31,11.11,16738701.0,187680362.0
2016-09-23,11.17,11.29,11.54,11.15,24045495.0,273238766.0
2016-09-26,11.19,10.46,11.19,10.43,23788498.0,254755308.0
2016-09-27,10.28,10.49,10.56,10.19,12588367.0,130544554.0
2016-09-28,10.55,10.41,10.66,10.36,9542590.0,100079384.0
2016-09-29,10.56,10.22,10.56,10.2,11070082.0,114688565.0
2016-09-30,10.27,10.5,10.56,10.13,15231621.0,157660772.0
2016-10-10,10.55,10.73,10.77,10.43,14392633.0,153319200.0
2016-10-11,10.82,10.9,10.92,10.61,16535190.0,177381853.0
2016-10-12,10.81,10.77,10.82,10.65,7740270.0,83132289.0
2016-10-13,10.77,10.89,10.99,10.68,14188494.0,153949069.0
2016-10-14,10.83,10.75,10.88,10.58,10842207.0,115834580.0
2016-10-17,10.77,10.55,10.77,10.45,9348081.0,98931501.0
2016-10-18,10.49,10.78,10.79,10.48,10112447.0,107986852.0
2016-10-19,10.78,10.76,10.8,10.62,8137906.0,87121035.0
2016-10-20,10.71,10.89,11.02,10.65,16254875.0,176589176.0
2016-10-21,10.91,10.83,10.91,10.66,12024117.0,129504395.0
2016-10-24,10.86,10.78,10.86,10.67,10200231.0,109709319.0
2016-10-25,10.8,10.73,10.83,10.62,8993851.0,96127792.0
2016-10-26,10.73,10.67,10.76,10.56,6341590.0,67304015.0
2016-10-27,10.59,10.58,10.65,10.45,7664390.0,80847770.0
2016-10-28,10.57,10.41,10.63,10.22,11427688.0,119290354.0
2016-10-31,10.29,10.93,10.99,10.28,16070133.0,171512038.0
2016-11-01,10.92,10.9,10.94,10.78,9011349.0,97913479.0
2016-11-02,10.82,10.92,11.01,10.76,14159086.0,154322685.0
2016-11-03,10.8,10.86,11.02,10.75,8797700.0,95721735.0
2016-11-04,10.78,10.65,10.95,10.65,5659621.0,61179114.0
2016-11-07,10.64,10.9,11.08,10.57,7900609.0,85969395.0
2016-11-08,10.91,10.99,11.02,10.86,7984898.0,87641902.0
2016-11-09,11.0,10.8,11.0,10.43,9528487.0,102249016.0
2016-11-10,10.9,10.88,10.9,10.75,6380436.0,69113026.0
2016-11-11,10.91,10.83,10.91,10.69,6280292.0,67818929.0
2016-11-14,10.81,10.78,10.85,10.48,12109754.0,129314088.0
2016-11-15,10.69,10.7,10.81,10.59,7287366.0,77701873.0
2016-11-16,10.72,10.68,10.78,10.65,6478426.0,69384194.0
2016-11-17,10.66,10.69,10.77,10.6,3990939.0,42610491.0
2016-11-18,10.7,10.78,10.88,10.7,7888035.0,85200812.0
2016-11-21,10.79,10.78,10.91,10.7,6792166.0,73304470.0
2016-11-22,10.77,10.82,10.83,10.7,5720701.0,61566064.0
2016-11-23,10.83,10.66,10.87,10.61,7748091.0,83133558.0
2016-11-24,10.61,10.59,10.65,10.46,7013005.0,73940089.0
2016-11-25,10.56,10.52,10.61,10.34,4307665.0,45062821.0
2016-11-28,10.46,10.53,10.61,10.46,3184665.0,33588338.0
2016-11-29,10.49,10.47,10.63,10.41,5552977.0,58425805.0
2016-11-30,10.45,10.46,10.55,10.36,4486859.0,46974188.0
2016-12-01,10.53,10.43,10.53,10.34,5166744.0,53841767.0
2016-12-02,10.43,10.22,10.46,10.1,6405646.0,65812346.0
2016-12-05,10.17,10.08,10.17,10.02,4802298.0,48489210.0
2016-12-06,10.12,9.91,10.12,9.89,7661307.0,76303937.0
2016-12-07,9.97,10.02,10.07,9.85,4399327.0,43902710.0
2016-12-08,10.04,9.91,10.06,9.88,3374664.0,33664804.0
2016-12-09,9.92,9.91,10.03,9.83,4111504.0,40781712.0
2016-12-12,9.9,9.43,9.91,9.42,5990127.0,57805638.0
2016-12-13,9.43,9.45,9.57,9.39,3583718.0,33906444.0
2016-12-14,9.51,9.17,9.51,9.16,4839113.0,44929650.0
2016-12-15,9.15,9.34,9.48,9.13,4481103.0,41762995.0
2016-12-16,9.37,9.46,9.48,9.27,2316675.0,21763153.0
2016-12-19,9.46,9.37,9.51,9.35,2255392.0,21201302.0
2016-12-20,9.37,9.43,9.47,9.33,2083015.0,19646304.0
2016-12-21,9.39,9.47,9.48,9.39,2133855.0,20152958.0
2016-12-22,9.45,9.5,9.62,9.43,3107089.0,29512256.0
2016-12-23,9.47,9.51,9.59,9.46,2612058.0,24855218.0
2016-12-26,9.53,9.53,9.53,9.26,2417465.0,22714863.0
2016-12-27,9.51,9.43,9.55,9.41,2396474.0,22684678.0
2016-12-28,9.46,9.41,9.5,9.35,2088244.0,19666265.0
2016-12-29,9.4,9.42,9.48,9.39,1475899.0,13920489.0
2016-12-30,9.41,9.91,9.95,9.37,8017745.0,77613600.0
2017-01-03,9.91,9.82,10.04,9.71,6139519.0,60344426.0
2017-01-04,9.79,9.77,9.82,9.63,5905489.0,57413701.0
2017-01-05,9.77,9.77,9.79,9.71,4502274.0,43908833.0
2017-01-06,9.77,9.5,9.77,9.48,4020236.0,38693947.0
2017-01-09,9.48,9.49,9.57,9.42,4493394.0,42603872.0
2017-01-10,9.53,9.39,9.55,9.39,4742867.0,44714193.0
2017-01-11,9.38,9.22,9.4,9.21,5398518.0,50087112.0
2017-01-12,9.22,9.18,9.29,9.15,3199794.0,29554774.0
2017-01-13,9.17,9.42,9.45,9.01,5938973.0,54458972.0
2017-01-16,9.33,9.58,9.62,9.1,15936076.0,150383961.0
2017-01-17,9.48,9.58,9.63,9.38,4100698.0,39064528.0
2017-01-18,9.55,9.56,9.64,9.46,3294520.0,31417388.0
2017-01-19,9.58,9.36,9.58,9.32,2520105.0,23744505.0
2017-01-20,9.36,9.38,9.46,9.26,2444061.0,22961489.0
2017-01-23,9.38,9.38,9.45,9.31,3728511.0,34954401.0
2017-01-24,9.34,9.19,9.4,9.18,4165350.0,38629919.0
2017-01-25,9.21,9.17,9.22,9.1,4779954.0,43813818.0
2017-01-26,9.17,9.13,9.19,9.12,4009139.0,36685031.0
2017-02-03,9.19,9.25,9.3,9.16,3070904.0,28284989.0
2017-02-06,9.26,9.34,9.35,9.18,3575891.0,33246566.0
2017-02-07,9.34,9.3,9.37,9.26,3255812.0,30306098.0
2017-02-08,9.3,9.36,9.37,9.21,3679475.0,34208685.0
2017-02-09,9.37,9.49,9.5,9.34,5232683.0,49348793.0
2017-02-10,9.45,9.41,9.53,9.39,3066986.0,28931118.0
2017-02-13,9.4,9.45,9.52,9.35,2962622.0,27993445.0
2017-02-14,9.51,9.55,9.59,9.46,6041295.0,57621695.0
2017-02-15,9.55,9.52,9.77,9.49,8315335.0,80223931.0
2017-02-16,9.55,9.55,9.58,9.43,5387670.0,51249273.0
2017-02-17,9.56,9.47,9.65,9.42,4146236.0,39471283.0
2017-02-20,9.47,9.61,9.61,9.42,5180345.0,49463916.0
2017-02-21,9.58,9.56,9.65,9.55,5433807.0,52117156.0
2017-02-22,9.56,9.7,9.85,9.53,8108156.0,78230502.0
2017-02-23,9.66,9.71,9.73,9.62,5394066.0,52233598.0
2017-02-24,9.72,9.67,9.79,9.61,4213136.0,40767613.0
2017-02-27,9.68,9.55,9.72,9.55,3751679.0,36107127.0
2017-02-28,9.55,9.59,9.67,9.54,3665394.0,35121625.0
2017-03-01,9.55,9.59,9.67,9.55,4252607.0,40897397.0
2017-03-02,9.59,9.62,9.71,9.57,6194397.0,59818607.0
2017-03-03,9.65,9.69,9.74,9.55,4265669.0,41259255.0
2017-03-06,9.71,9.8,9.84,9.69,8210963.0,80339802.0
2017-03-07,9.84,9.85,9.88,9.77,6110508.0,60020301.0
2017-03-08,9.85,9.79,9.91,9.71,4649551.0,45539425.0
2017-03-09,9.73,9.75,9.84,9.69,3710019.0,36226633.0
2017-03-10,9.76,9.9,9.93,9.72,4507075.0,44426681.0
2017-03-13,9.94,10.05,10.1,9.78,10280488.0,102812371.0
2017-03-14,10.16,9.94,10.18,9.9,5575473.0,55654065.0
2017-03-15,10.01,9.92,10.01,9.75,5763994.0,56997848.0
2017-03-16,9.91,9.93,9.98,9.86,5325652.0,52860590.0
2017-03-17,9.9,9.91,10.01,9.89,4574979.0,45529426.0
2017-03-20,9.83,9.96,10.04,9.83,5311693.0,52781758.0
2017-03-21,9.95,9.98,10.02,9.91,3513214.0,35004856.0
2017-03-22,9.9,10.26,10.31,9.85,10919369.0,110993077.0
2017-03-23,10.27,10.23,10.35,10.04,10460361.0,106617970.0
2017-03-24,10.25,11.02,11.18,10.25,33717821.0,369123622.0
2017-03-27,11.02,11.0,11.45,10.97,19404100.0,217127195.0
2017-03-28,11.15,11.13,11.22,10.9,11213431.0,124320139.0
2017-03-29,11.1,11.43,11.48,10.96,14617415.0,164345558.0
2017-03-30,11.44,11.61,11.65,11.1,16790566.0,190756658.0
2017-03-31,11.38,11.39,11.64,11.15,18540439.0,211994516.0
2017-04-05,11.33,11.26,11.39,11.17,11286460.0,126944582.0
2017-04-06,11.24,11.42,11.44,11.05,12888912.0,144295593.0
2017-04-07,11.28,11.29,11.52,11.21,9755182.0,110770204.0
2017-04-10,11.19,10.83,11.19,10.16,14512907.0,157409736.0
2017-04-11,10.84,10.76,10.95,10.4,9664610.0,103010100.0
2017-04-12,10.79,10.83,11.09,10.66,10843011.0,118640587.0
2017-04-13,10.91,10.73,11.0,10.7,4627062.0,49957392.0
2017-04-14,10.71,10.32,10.75,10.25,7593381.0,79328468.0
2017-04-17,10.32,10.31,10.43,10.28,5082954.0,52644786.0
2017-04-18,10.54,10.43,10.54,10.28,8114565.0,84663477.0
2017-04-19,10.41,10.21,10.48,10.09,5740888.0,58675348.0
2017-04-20,10.21,10.62,10.68,10.08,13164428.0,137067800.0
2017-04-21,10.53,10.07,10.62,10.06,9891477.0,102182863.0
2017-04-24,10.03,9.81,10.07,9.74,8344569.0,82900397.0
2017-04-25,9.82,10.06,10.13,9.77,7095445.0,70401747.0
2017-04-26,9.99,10.3,10.33,9.92,9822429.0,100003505.0
2017-04-27,10.21,10.46,10.53,10.17,8949403.0,92961407.0
2017-04-28,10.54,10.54,10.63,10.36,5464720.0,57531232.0
2017-05-02,11.03,11.37,11.54,10.93,24078844.0,272188157.0
2017-05-03,11.45,11.38,11.52,11.14,13014918.0,147154789.0
2017-05-04,11.3,11.58,11.63,11.17,19065310.0,218587971.0
2017-05-05,11.65,11.38,11.84,11.36,13511303.0,156421144.0
2017-05-08,11.39,11.4,11.74,11.27,13601443.0,156660255.0
2017-05-09,11.22,11.34,11.42,10.92,12267124.0,136893981.0
2017-05-10,11.33,11.45,11.79,11.26,18577518.0,214987781.0
2017-05-11,11.24,11.64,11.67,11.08,11669806.0,132668655.0
2017-05-12,11.55,11.53,11.65,11.3,9046200.0,103863562.0
2017-05-15,11.58,12.69,12.69,11.4,35059743.0,430884071.0
2017-05-16,12.69,12.96,13.09,12.3,33049922.0,421194743.0
2017-05-17,12.81,12.77,13.37,12.66,26035538.0,337314037.0
2017-05-18,12.64,12.44,12.75,12.34,19677358.0,246810814.0
2017-05-19,12.45,12.55,12.65,12.21,15413585.0,191944957.0
2017-05-22,12.44,12.48,12.82,12.31,13547254.0,169927524.0
2017-05-23,12.49,11.87,12.72,11.77,18131837.0,221755127.0
2017-05-24,11.77,12.07,12.1,11.44,16276735.0,191978600.0
2017-05-25,12.05,11.99,12.13,11.75,13452267.0,161051595.0
2017-05-26,12.02,11.44,12.26,11.39,19407981.0,231066863.0
2017-05-31,11.61,12.48,12.59,11.44,26086157.0,314964959.0
2017-06-01,12.25,12.35,12.5,12.07,22777891.0,279466562.0
2017-06-02,12.26,12.91,13.1,12.07,26095863.0,331004246.0
2017-06-05,12.93,13.1,13.24,12.73,19915739.0,258279760.0
2017-06-06,12.96,12.99,13.19,12.84,14620051.0,190260610.0
2017-06-07,13.02,13.52,13.64,12.86,21282010.0,285074811.0
2017-06-08,13.74,13.49,14.59,13.45,28785839.0,401283858.0
2017-06-09,13.76,13.53,13.85,13.21,17574198.0,236834282.0
2017-06-12,13.34,14.06,14.33,13.09,21381417.0,291890618.0
2017-06-13,13.9,13.97,14.37,13.87,16590027.0,233853002.0
2017-06-14,13.98,13.66,14.17,13.63,9990835.0,138344137.0
2017-06-15,13.7,14.1,14.29,13.62,15180716.0,212070944.0
2017-06-16,14.1,13.8,14.24,13.72,11364805.0,158527212.0
2017-06-19,13.89,13.53,13.89,13.34,13763848.0,186774105.0
2017-06-20,13.63,13.79,13.98,13.45,11535007.0,158342179.0
2017-06-21,13.72,14.31,14.31,13.54,12551746.0,175689261.0
2017-06-22,14.18,14.1,14.99,14.06,17999072.0,261046824.0
2017-06-23,14.2,14.43,14.47,13.89,10536576.0,148916449.0
2017-06-26,14.43,15.02,15.18,14.25,15985067.0,237129108.0
2017-06-27,15.04,14.92,15.06,14.67,9686123.0,144002762.0
2017-06-28,14.75,14.43,14.94,14.27,12928298.0,187607217.0
2017-06-29,14.42,14.73,14.86,14.28,12177650.0,177662138.0
2017-06-30,14.55,14.65,14.7,14.34,9589103.0,138938009.0
2017-07-03,14.58,13.67,14.64,13.62,23091611.0,323373553.0
2017-07-04,13.78,13.94,14.03,13.62,12673259.0,175136518.0
2017-07-05,13.84,13.95,14.14,13.76,10088841.0,140889956.0
2017-07-06,13.97,14.01,14.17,13.85,10551325.0,147695662.0
2017-07-07,13.9,13.58,13.96,13.25,16572395.0,225743356.0
2017-07-10,13.46,13.66,13.84,13.43,10518695.0,143460878.0
2017-07-11,13.68,13.6,13.74,13.34,9970576.0,135827539.0
2017-07-12,13.62,13.82,13.89,13.34,13583189.0,184873093.0
2017-07-13,13.78,13.42,13.78,13.25,12533554.0,169459863.0
2017-07-14,13.32,13.38,13.54,13.17,8943404.0,119556515.0
2017-07-17,13.29,12.19,13.3,12.16,18552362.0,235590519.0
2017-07-18,12.12,12.35,12.48,11.84,14602640.0,178235573.0
2017-07-19,12.29,12.97,13.12,12.23,15388834.0,195661444.0
2017-07-20,12.95,13.25,13.28,12.87,11224351.0,147550005.0
2017-07-21,13.23,13.11,13.32,13.07,9161740.0,120788080.0
2017-07-24,13.15,13.22,13.4,13.06,9085374.0,120437224.0
2017-07-25,13.17,13.22,13.57,13.17,10161323.0,135312293.0
2017-07-26,13.17,12.67,13.21,12.29,18372674.0,231701565.0
2017-07-27,12.59,12.98,13.11,12.51,12269385.0,158259845.0
2017-07-28,12.93,13.42,13.5,12.93,12774590.0,168979370.0
2017-07-31,13.67,13.82,13.97,13.34,22281965.0,305476876.0
2017-08-01,13.68,13.5,13.81,13.32,13880512.0,187487429.0
2017-08-02,13.75,13.78,14.16,13.54,15435897.0,213427131.0
2017-08-03,13.85,13.46,13.85,13.15,17275900.0,231364621.0
2017-08-04,13.36,12.86,13.39,12.82,15835186.0,206512749.0
2017-08-07,12.87,12.83,13.14,12.82,9949076.0,128806164.0
2017-08-08,12.83,13.2,13.24,12.62,14387595.0,185567845.0
2017-08-09,13.1,13.13,13.32,12.94,10458383.0,137326136.0
2017-08-10,13.06,13.51,13.57,13.03,17217547.0,229873116.0
2017-08-11,13.38,13.66,14.04,13.29,24957220.0,343816620.0
2017-08-14,13.78,14.08,14.3,13.66,33290857.0,468605588.0
2017-08-15,14.07,13.91,14.17,13.71,20823057.0,289875778.0
2017-08-16,13.81,13.86,14.03,13.71,12960693.0,179472949.0
2017-08-17,13.78,14.03,14.13,13.57,18712477.0,257864142.0
2017-08-18,13.85,13.62,13.9,13.5,17250313.0,235647729.0
2017-08-21,13.58,13.62,13.8,13.41,11641165.0,157942164.0
2017-08-22,13.62,13.1,13.63,12.85,28028816.0,368577085.0
2017-08-23,13.05,13.32,13.34,12.92,13210071.0,174388677.0
2017-08-24,13.33,12.93,13.38,12.88,13328815.0,173631191.0
2017-08-25,12.86,13.01,13.04,12.83,8849183.0,114668318.0
2017-08-28,13.0,13.22,13.32,12.96,13112433.0,173248237.0
2017-08-29,13.3,13.28,13.39,13.14,12387773.0,164000499.0
2017-08-30,13.33,13.98,14.25,13.16,38936954.0,538888384.0
2017-08-31,14.03,14.17,14.21,13.8,25779278.0,361907516.0
2017-09-01,14.17,14.07,14.23,13.85,20496313.0,286867284.0
2017-09-04,14.05,14.07,14.21,13.9,24958780.0,350774912.0
2017-09-05,14.05,14.17,14.43,13.9,25223112.0,357098777.0
2017-09-06,14.08,14.07,14.1,13.8,14785256.0,206421382.0
2017-09-07,14.06,13.62,14.24,13.59,23564341.0,326372071.0
2017-09-08,13.61,13.75,13.77,13.34,18901454.0,256251576.0
2017-09-11,13.71,13.72,13.85,13.32,17069663.0,232661378.0
2017-09-12,13.86,14.23,14.26,13.71,37297393.0,521983009.0
2017-09-13,14.46,13.87,14.73,13.78,38008435.0,537742715.0
2017-09-14,13.76,13.6,13.76,13.36,25838875.0,349455003.0
2017-09-15,13.46,13.48,13.6,13.34,12998486.0,175368516.0
2017-09-18,13.49,13.47,13.57,13.31,13549548.0,181633508.0
2017-09-19,13.41,13.12,13.49,13.08,13418138.0,177727310.0
2017-09-20,13.13,13.54,13.57,13.02,16427400.0,218157939.0
2017-09-21,13.52,13.16,13.53,13.15,18579369.0,246858581.0
2017-09-22,13.11,12.79,13.15,12.76,16123828.0,207425162.0
2017-09-25,12.91,12.61,13.09,12.56,10995365.0,141743541.0
2017-09-26,12.59,13.05,13.08,12.59,12081572.0,155801827.0
2017-09-27,12.98,13.49,13.59,12.96,19636666.0,262204905.0
2017-09-28,13.48,13.3,13.5,13.23,15789354.0,210646296.0
2017-09-29,13.3,13.31,13.47,13.12,13147634.0,174306594.0
2017-10-09,13.43,13.3,13.44,13.14,10968398.0,145302536.0
2017-10-10,13.27,13.13,13.27,13.04,8134835.0,106966359.0
2017-10-11,13.04,12.96,13.2,12.94,8732445.0,113740005.0
2017-10-12,12.97,12.67,13.04,12.59,17000874.0,216196589.0
2017-10-13,12.7,13.18,13.2,12.61,19898354.0,258900785.0
2017-10-16,13.2,12.81,13.22,12.73,11928907.0,154884644.0
2017-10-17,12.78,12.88,13.08,12.67,7097693.0,91751835.0
2017-10-18,12.85,13.08,13.21,12.85,12977564.0,170367028.0
2017-10-19,13.05,12.89,13.26,12.82,13738054.0,179915269.0
2017-10-20,12.82,13.29,13.33,12.75,18442077.0,243344745.0
2017-10-23,13.32,13.38,13.39,13.07,16570595.0,219086549.0
2017-10-24,13.32,13.31,13.38,13.17,10713663.0,142057562.0
2017-10-25,13.28,13.41,13.52,13.22,17481033.0,234501404.0
2017-10-26,13.48,13.3,13.5,13.17,12277630.0,163735191.0
2017-10-27,13.26,13.71,13.76,13.22,22377691.0,303867584.0
2017-10-30,13.86,14.01,14.33,13.67,39639921.0,557275549.0
2017-10-31,13.94,14.28,14.33,13.74,28230488.0,398274928.0
2017-11-01,14.19,14.0,14.31,13.97,19253900.0,272236315.0
2017-11-02,13.93,13.76,14.03,13.69,17458737.0,241118998.0
2017-11-03,13.63,14.46,14.84,13.63,41811384.0,602694222.0
2017-11-06,14.43,14.73,15.13,14.43,40245615.0,589885286.0
2017-11-07,14.59,14.64,14.82,14.35,26725981.0,388533357.0
2017-11-08,14.65,14.88,15.14,14.47,29399165.0,436193028.0
2017-11-09,14.73,15.85,16.04,14.5,46755396.0,712169062.0
2017-11-10,15.69,15.85,15.99,15.5,42301870.0,667319416.0
2017-11-13,15.81,15.89,16.32,15.63,35497352.0,564231078.0
2017-11-14,15.87,15.31,15.99,15.25,27112801.0,421414047.0
2017-11-15,15.42,15.56,15.78,15.18,26503137.0,410093731.0
2017-11-16,15.57,14.94,15.57,14.64,39363094.0,587799978.0
2017-11-17,14.97,14.22,15.02,14.13,28612839.0,420161740.0
2017-11-20,14.11,14.61,14.67,13.9,25925895.0,370487931.0
2017-11-21,14.64,14.81,14.86,14.22,36520614.0,533610135.0
2017-11-22,14.65,14.6,14.98,14.31,21324077.0,311791718.0
2017-11-23,14.45,13.55,14.55,13.48,32785890.0,459247890.0
2017-11-24,13.43,13.3,13.78,13.25,15605215.0,210935596.0
2017-11-27,13.29,13.44,13.5,13.16,13629756.0,181960889.0
2017-11-28,13.38,13.58,13.62,13.18,14546092.0,195039691.0
2017-11-29,13.48,13.68,13.78,13.34,12430632.0,168806034.0
2017-11-30,13.68,13.72,13.86,13.5,11439848.0,156714416.0
2017-12-01,13.66,13.87,14.03,13.53,10273003.0,142228745.0
2017-12-04,13.76,13.89,14.02,13.71,8607256.0,119161060.0
2017-12-05,13.75,13.5,13.91,12.94,17283965.0,231842802.0
2017-12-06,13.36,13.52,13.58,13.14,7481071.0,100124000.0
2017-12-07,13.4,12.95,13.52,12.92,10593145.0,139896684.0
2017-12-08,12.96,14.24,14.25,12.96,47672970.0,666860149.0
2017-12-11,14.17,14.12,14.31,13.94,29015806.0,409044783.0
2017-12-12,14.06,13.97,14.24,13.94,20309892.0,286107889.0
2017-12-13,13.91,14.08,14.15,13.88,17058193.0,239554936.0
2017-12-14,14.13,13.81,14.13,13.45,23886089.0,326832455.0
2017-12-15,13.7,13.41,13.76,13.38,12129475.0,164978226.0
2017-12-18,13.28,13.44,13.74,13.24,10258292.0,138735071.0
2017-12-19,13.48,13.71,13.76,13.45,8931539.0,122014887.0
2017-12-20,13.71,13.72,13.8,13.55,8812423.0,120599984.0
2017-12-21,13.58,14.23,14.3,13.52,22157896.0,311684528.0
2017-12-22,14.17,14.21,14.4,14.05,16184892.0,229769009.0
2017-12-25,14.16,14.09,14.27,13.83,13087951.0,183978650.0
2017-12-26,14.03,14.34,14.35,13.81,13691758.0,193526682.0
2017-12-27,14.26,13.94,14.41,13.9,13641419.0,193314378.0
2017-12-28,13.9,14.45,14.67,13.82,18917369.0,272486506.0
2017-12-29,14.53,14.71,14.73,14.37,13540783.0,196671065.0
2018-01-02,14.74,14.7,14.75,14.43,14790030.0,215337842.0
2018-01-03,14.69,14.59,14.71,14.42,19213088.0,279335683.0
2018-01-04,14.59,14.54,14.59,14.3,18008972.0,259951248.0
2018-01-05,14.45,14.35,14.66,14.31,14482626.0,209431836.0
2018-01-08,14.27,13.62,14.33,13.44,26617080.0,366562008.0
2018-01-09,13.57,13.38,13.71,13.19,23980007.0,319745847.0
2018-01-10,13.7,13.48,13.76,13.3,16108332.0,218203976.0
2018-01-11,13.35,13.55,13.62,13.26,11812585.0,159164572.0
2018-01-12,13.56,13.47,13.62,13.35,8825473.0,119118413.0
2018-01-15,13.5,13.52,13.54,13.19,10311668.0,137834505.0
2018-01-16,13.47,13.27,13.49,13.0,13592913.0,179330025.0
2018-01-17,13.15,12.99,13.19,12.69,12916882.0,167276417.0
2018-01-18,13.02,13.01,13.14,12.82,7561545.0,98288675.0
2018-01-19,12.97,13.01,13.16,12.93,4956315.0,64572601.0
2018-01-22,12.96,13.12,13.15,12.74,7804534.0,101376710.0
2018-01-23,13.07,13.08,13.25,12.99,6241544.0,81673874.0
2018-01-24,13.07,13.3,13.36,12.93,8027260.0,105836140.0
2018-01-25,13.27,13.27,13.4,13.21,9745597.0,129476229.0
2018-01-26,13.27,13.21,13.33,13.09,6726693.0,88721930.0
2018-01-29,13.14,12.43,13.2,12.14,19766676.0,247781466.0
2018-01-30,12.4,11.72,12.4,11.55,26358802.0,311590683.0
2018-01-31,11.71,11.46,11.71,11.17,16346603.0,186354732.0
2018-02-01,11.45,11.27,11.54,11.19,12246088.0,139174182.0
2018-02-02,11.12,11.69,11.89,11.12,16345543.0,191141778.0
2018-02-05,11.47,11.84,11.98,11.45,11755771.0,139116555.0
2018-02-06,11.61,11.68,12.02,11.52,13420536.0,158540528.0
2018-02-07,11.86,11.89,12.04,11.55,9709127.0,115095029.0
2018-02-08,11.94,12.67,12.73,11.94,17777152.0,221880667.0
2018-02-09,12.28,12.56,12.71,12.14,13554965.0,169534903.0
2018-02-12,12.55,12.62,12.84,12.4,10139308.0,128112446.0
2018-02-13,12.68,12.49,12.83,12.46,6616748.0,83370193.0
2018-02-14,12.38,12.23,12.51,12.12,4752599.0,58183188.0
2018-02-22,12.33,12.68,12.75,12.3,7273134.0,91797706.0
2018-02-23,12.65,12.57,12.81,12.54,5455315.0,69019949.0
2018-02-26,12.68,13.14,13.19,12.65,12424304.0,161722040.0
2018-02-27,13.15,13.19,13.52,12.99,15323079.0,204437425.0
2018-02-28,13.19,13.24,13.56,13.11,13900590.0,185790879.0
2018-03-01,13.23,13.54,13.69,13.13,12825600.0,173016561.0
2018-03-02,13.4,13.34,13.75,13.02,14988781.0,199833767.0
2018-03-05,13.3,13.55,13.6,13.08,11857826.0,159139327.0
2018-03-06,13.57,13.86,14.15,13.57,17404031.0,242311407.0
2018-03-07,13.81,13.45,13.97,13.35,9980522.0,135704339.0
2018-03-08,13.25,13.0,13.25,12.71,22177044.0,286334486.0
2018-03-09,12.98,13.4,13.48,12.93,13894915.0,183546506.0
2018-03-12,13.47,13.5,13.77,13.41,17350137.0,236096359.0
2018-03-13,13.59,13.59,13.71,13.39,9205893.0,125086780.0
2018-03-14,13.57,13.11,13.58,13.02,14136422.0,186673751.0
2018-03-15,13.16,13.01,13.21,12.75,8191420.0,106163958.0
2018-03-16,13.01,12.79,13.06,12.73,6854094.0,87976118.0
2018-03-19,12.8,12.72,12.96,12.59,8399145.0,107526958.0
2018-03-20,12.59,12.59,12.63,12.3,9285785.0,115937246.0
2018-03-21,12.61,12.37,12.92,12.3,11014310.0,139124827.0
2018-03-22,12.4,12.37,12.68,12.28,6909902.0,85745516.0
2018-03-23,11.66,11.28,11.99,11.13,14039196.0,161630028.0
2018-03-26,11.27,11.72,11.73,11.16,11969683.0,138104537.0
2018-03-27,11.78,11.99,12.16,11.78,12802253.0,153488414.0
2018-03-28,11.86,11.92,12.07,11.71,8667474.0,102918396.0
2018-03-29,11.98,11.81,12.07,11.74,8512714.0,100630969.0
2018-03-30,11.88,11.91,11.99,11.82,10579717.0,126076394.0
2018-04-02,11.98,12.2,12.38,11.84,19363168.0,236356031.0
2018-04-03,12.09,11.82,12.09,11.62,11128501.0,130985828.0
2018-04-04,11.82,11.65,11.94,11.6,8424957.0,98541010.0
2018-04-09,11.61,11.5,11.7,11.25,7877676.0,89836882.0
2018-04-10,11.5,11.65,11.66,11.39,6382585.0,73400760.0
2018-04-11,11.53,11.61,11.68,11.5,8417224.0,97496015.0
2018-04-12,11.56,11.43,11.63,11.41,4784070.0,55082363.0
2018-04-13,11.52,11.4,11.55,11.35,5068263.0,57846546.0
2018-04-16,11.24,11.3,11.47,11.22,7194137.0,81557860.0
2018-04-17,11.33,10.85,11.38,10.64,13682962.0,149959468.0
2018-04-18,10.97,11.13,11.17,10.82,14515204.0,159970572.0
2018-04-19,11.15,11.43,11.55,11.13,14584348.0,166567404.0
2018-04-20,11.41,10.99,11.49,10.93,9655652.0,108161652.0
2018-04-23,11.0,10.98,11.24,10.74,8944982.0,98194028.0
2018-04-24,10.99,11.0,11.07,10.7,10634879.0,115973485.0
2018-04-25,10.88,10.68,10.91,10.58,13828310.0,148412767.0
2018-04-26,10.68,10.86,11.06,10.54,13315203.0,143670960.0
2018-04-27,10.91,10.35,10.91,10.08,16546816.0,172179444.0
2018-05-02,10.16,9.32,10.21,9.32,25549148.0,244289774.0
2018-05-03,9.22,9.48,9.49,9.12,19599248.0,182881222.0
2018-05-04,9.48,9.34,9.52,9.27,14674208.0,137463588.0
2018-05-07,9.38,9.47,9.5,9.34,11077043.0,104348856.0
2018-05-08,9.48,9.42,9.51,9.39,11661028.0,110133468.0
2018-05-09,9.48,9.48,9.56,9.39,12625288.0,119534170.0
2018-05-10,9.55,9.31,9.57,9.23,15865261.0,148597199.0
2018-05-11,9.35,9.37,9.43,9.31,10430113.0,97696344.0
2018-05-14,9.38,9.37,9.6,9.3,16078248.0,152112788.0
2018-05-15,9.39,9.34,9.45,9.2,11042367.0,102523172.0
2018-05-16,9.33,9.3,9.37,9.26,7881190.0,73332644.0
2018-05-17,9.31,9.23,9.33,9.21,7557019.0,69967988.0
2018-05-18,9.27,9.27,9.29,9.02,9891473.0,90679815.0
2018-05-21,9.37,10.19,10.19,9.37,33625884.0,333104442.0
2018-05-22,10.24,10.2,10.3,10.02,24341955.0,247358486.0
2018-05-23,10.19,10.09,10.33,9.96,17054031.0,172648288.0
2018-05-24,10.07,10.04,10.12,9.98,14405179.0,144478351.0
2018-05-25,9.95,9.89,10.0,9.75,13009370.0,128459763.0
2018-05-28,9.84,10.03,10.17,9.83,12034847.0,120862920.0
2018-05-29,10.02,10.02,10.16,9.95,9831914.0,98818501.0
2018-05-30,9.71,9.52,9.8,9.34,12366372.0,118617645.0
2018-05-31,9.6,9.73,9.77,9.44,8666598.0,83518526.0
2018-06-01,9.73,9.64,9.73,9.51,6879877.0,66145805.0
2018-06-04,9.65,9.6,9.73,9.53,5634534.0,54279276.0
2018-06-05,9.67,10.41,10.46,9.61,21176500.0,216024818.0
2018-06-06,10.31,10.26,10.37,10.17,13335845.0,136803616.0
2018-06-07,10.31,10.45,10.57,10.16,15536579.0,161613010.0
2018-06-08,10.42,10.35,10.42,10.11,8858063.0,91086331.0
2018-06-11,10.24,10.14,10.28,10.1,5414855.0,55094071.0
2018-06-12,10.14,10.32,10.35,10.07,7355145.0,75139576.0
2018-06-13,10.28,10.33,10.47,10.14,7723697.0,79767401.0
2018-06-14,10.24,10.38,10.44,10.2,6633589.0,68525833.0
2018-06-15,10.42,9.8,10.42,9.78,12094401.0,121065706.0
2018-06-19,9.49,8.9,9.72,8.82,11572145.0,105513420.0
2018-06-20,8.84,8.81,8.98,8.49,8140124.0,71129641.0
2018-06-21,8.8,7.97,8.92,7.93,14584608.0,121348659.0
2018-06-22,7.94,8.08,8.29,7.4,16497524.0,131676351.0
2018-06-25,8.21,8.1,8.36,8.06,9708335.0,79682568.0
2018-06-26,7.95,8.26,8.37,7.59,7060211.0,57674549.0
2018-06-27,8.23,8.31,8.47,8.2,6562980.0,54606018.0
2018-06-28,8.12,8.28,8.49,8.12,6796308.0,56962961.0
2018-06-29,8.34,8.6,8.63,8.26,7177967.0,61124979.0
2018-07-02,8.62,8.48,8.71,8.35,6198523.0,53108369.0
2018-07-03,8.53,8.66,8.68,8.44,5793776.0,49627262.0
2018-07-04,8.61,8.45,8.66,8.39,7098381.0,60234683.0
2018-07-05,8.38,8.07,8.57,8.02,7397451.0,61277084.0
2018-07-06,8.16,8.08,8.24,7.77,5794523.0,46917233.0
2018-07-09,8.18,8.44,8.5,8.03,4985124.0,41555985.0
2018-07-10,8.43,8.43,8.62,8.34,4290708.0,36277952.0
2018-07-11,8.25,7.9,8.36,7.71,8556168.0,68568153.0
2018-07-12,8.03,8.69,8.69,7.91,10833200.0,92038940.0
2018-07-13,8.86,8.89,9.14,8.63,17170775.0,152432382.0
2018-07-16,8.92,9.06,9.21,8.86,8253251.0,74332337.0
2018-07-17,9.0,8.83,9.08,8.67,10997587.0,97299877.0
2018-07-18,8.8,8.7,9.06,8.7,6256117.0,55095053.0
2018-07-19,8.59,8.51,8.76,8.44,7706794.0,65839385.0
2018-07-20,8.62,8.62,8.67,8.48,6264214.0,53809653.0
2018-07-23,8.62,8.7,8.81,8.54,6529191.0,56596237.0
2018-07-24,8.7,8.98,9.0,8.59,14611527.0,128935868.0
2018-07-25,8.98,8.82,9.07,8.73,11909305.0,106096109.0
2018-07-26,8.83,8.78,8.95,8.67,4828972.0,42205295.0
2018-07-27,8.71,8.66,8.77,8.63,3945551.0,34259103.0
2018-07-30,8.73,9.14,9.17,8.68,15547304.0,139745095.0
2018-07-31,9.26,9.53,9.6,8.95,19645529.0,181072948.0
2018-08-01,9.38,9.34,9.46,9.24,10535256.0,98368399.0
2018-08-02,9.29,9.49,9.55,8.96,14386264.0,133588616.0
2018-08-03,9.41,9.85,10.05,9.34,20852996.0,203064472.0
2018-08-06,9.62,9.34,9.69,9.22,12620657.0,119398591.0
2018-08-07,9.36,9.52,9.59,9.2,10292979.0,96891754.0
2018-08-08,9.45,9.42,9.51,9.2,9987401.0,93642725.0
2018-08-09,9.33,9.48,9.52,9.25,15538109.0,146983225.0
2018-08-10,9.51,9.3,9.58,9.21,10211405.0,95312887.0
2018-08-13,9.19,9.02,9.2,8.83,13395020.0,119903350.0
2018-08-14,8.96,9.04,9.16,8.88,7455763.0,67269923.0
2018-08-15,9.04,8.54,9.09,8.53,9073816.0,79198112.0
2018-08-16,8.5,8.48,8.7,8.35,5296624.0,45347321.0
2018-08-17,8.59,8.44,8.7,8.41,5492034.0,47075149.0
2018-08-20,8.52,8.57,8.66,8.34,3783279.0,32151801.0
2018-08-21,8.54,8.62,8.69,8.53,3981024.0,34328330.0
2018-08-22,8.65,8.68,8.8,8.59,5752985.0,50145759.0
2018-08-23,8.7,8.69,8.77,8.59,4349552.0,37783368.0
2018-08-24,8.65,8.69,8.75,8.65,2981871.0,25944655.0
2018-08-27,8.7,8.8,8.91,8.69,7466063.0,65806929.0
2018-08-28,8.86,8.83,8.91,8.8,3811367.0,33756209.0
2018-08-29,8.84,8.58,8.84,8.54,4601444.0,39685526.0
2018-08-30,8.61,8.4,8.63,8.4,2495317.0,21162522.0
2018-08-31,8.4,8.43,8.52,8.3,3536279.0,29732798.0
2018-09-03,8.48,8.34,8.5,8.2,3203519.0,26609400.0
2018-09-04,8.3,8.49,8.51,8.29,2468221.0,20751351.0
2018-09-05,8.47,8.29,8.49,8.29,1575688.0,13208548.0
2018-09-06,8.3,8.25,8.44,8.16,3990263.0,33130245.0
2018-09-07,8.29,8.33,8.45,8.17,3550476.0,29582085.0
2018-09-10,8.33,7.79,8.33,7.72,6184843.0,48765292.0
2018-09-11,7.87,7.65,7.91,7.65,5468013.0,42316657.0
2018-09-12,7.72,7.91,7.92,7.66,4926101.0,38400202.0
2018-09-13,8.03,8.71,8.71,8.03,19747624.0,168869000.0
2018-09-14,8.8,8.82,8.88,8.65,13944458.0,122189874.0
2018-09-17,8.8,8.67,8.8,8.52,7225374.0,62183090.0
2018-09-18,8.62,8.38,8.67,8.01,15363215.0,127554495.0
2018-09-19,8.2,8.48,8.63,8.11,11759225.0,98915909.0
2018-09-20,8.42,8.86,8.98,8.37,12875166.0,112957208.0
2018-09-21,8.8,8.93,9.05,8.7,11248096.0,100331754.0
2018-09-25,9.01,8.9,9.01,8.84,4421300.0,39474448.0
2018-09-26,8.93,9.12,9.21,8.84,8825576.0,79473020.0
2018-09-27,9.06,8.91,9.16,8.89,5174444.0,46739479.0
2018-09-28,8.89,9.1,9.11,8.88,3804514.0,34376828.0
2018-10-08,8.81,8.53,8.81,8.34,7447881.0,63805358.0
2018-10-09,8.62,8.59,8.66,8.42,3973990.0,33826292.0
2018-10-10,8.62,8.5,8.68,8.44,3307538.0,28307280.0
2018-10-11,8.08,7.84,8.32,7.69,6327568.0,50613964.0
2018-10-12,7.77,8.25,8.42,7.75,5926671.0,48285611.0
2018-10-15,8.27,8.21,8.48,8.18,4838076.0,40006899.0
2018-10-16,8.13,7.99,8.24,7.92,3185425.0,25725131.0
2018-10-17,8.32,8.29,8.37,8.03,4111996.0,33762898.0
2018-10-18,8.29,8.19,8.47,8.1,4475177.0,37097706.0
2018-10-19,8.01,8.55,8.75,7.89,7115555.0,60469182.0
2018-10-22,8.81,9.25,9.4,8.69,13353945.0,122478696.0
2018-10-23,9.18,9.23,9.62,9.15,11151998.0,104267329.0
2018-10-24,9.25,9.13,9.33,9.05,6481419.0,59506660.0
2018-10-25,8.8,9.14,9.18,8.79,8670063.0,77802428.0
2018-10-26,9.19,8.83,9.4,8.69,10950129.0,98108201.0
2018-10-29,8.8,8.62,8.97,8.54,8606179.0,75243493.0
2018-10-30,8.63,8.77,8.9,8.29,7385843.0,63912073.0
2018-10-31,8.8,9.46,9.54,8.69,15206634.0,140965882.0
2018-11-01,9.45,9.54,9.68,9.38,16399836.0,156618580.0
2018-11-02,9.9,9.65,9.9,9.53,12116477.0,117161256.0
2018-11-05,9.57,9.46,9.66,9.14,13928088.0,131660265.0
2018-11-06,9.43,9.38,9.53,9.25,8602008.0,80718047.0
2018-11-07,9.38,9.26,9.46,9.23,8897428.0,82926648.0
2018-11-08,9.35,9.24,9.45,9.15,6522541.0,60499919.0
2018-11-09,9.15,9.34,9.35,9.09,8251000.0,76627293.0
2018-11-12,9.27,9.86,10.0,9.22,15079083.0,146119770.0
2018-11-13,9.7,9.64,9.78,9.38,19043079.0,182532502.0
2018-11-14,9.54,9.41,9.58,9.36,9161634.0,86595095.0
2018-11-15,9.37,9.5,9.53,9.34,7830155.0,73922834.0
2018-11-16,9.49,9.44,9.6,9.41,8796174.0,83533760.0
2018-11-19,9.39,9.66,9.66,9.3,10860702.0,103321633.0
2018-11-20,9.47,9.29,9.55,9.26,7622318.0,71783366.0
2018-11-21,9.16,9.19,9.35,9.12,5502559.0,50777336.0
2018-11-22,9.19,9.14,9.27,9.04,4674011.0,42667430.0
2018-11-23,9.13,8.8,9.15,8.66,6666264.0,59084244.0
2018-11-26,8.7,8.54,8.8,8.44,5784578.0,49757414.0
2018-11-27,8.62,8.54,8.64,8.42,5138725.0,43771647.0
2018-11-28,8.52,8.83,8.84,8.44,6436239.0,55795005.0
2018-11-29,8.89,8.45,8.96,8.45,5908658.0,51162149.0
2018-11-30,8.44,8.63,8.64,8.31,5358006.0,45435499.0
2018-12-03,8.92,9.1,9.24,8.88,12273446.0,111246656.0
2018-12-04,9.08,9.18,9.25,9.02,8886466.0,81304813.0
2018-12-05,9.05,9.28,9.33,8.93,7835032.0,71658106.0
2018-12-06,9.09,9.05,9.23,8.93,7393917.0,67302546.0
2018-12-07,9.15,9.14,9.28,9.06,4765651.0,43730159.0
2018-12-10,9.14,9.21,9.38,9.03,5635528.0,51996955.0
2018-12-11,9.29,9.35,9.46,9.19,6400514.0,59647937.0
2018-12-12,9.35,9.34,9.46,9.26,5111472.0,47875859.0
2018-12-13,9.4,9.36,9.49,9.32,5840105.0,54945128.0
2018-12-14,9.42,8.94,9.43,8.94,8354425.0,76496735.0
2018-12-17,9.04,9.17,9.36,9.04,11030197.0,102093713.0
2018-12-18,9.37,9.25,9.52,9.22,9650275.0,90159933.0
2018-12-19,9.31,9.01,9.4,9.0,6454864.0,59245287.0
2018-12-20,8.93,9.08,9.33,8.93,11923259.0,109493711.0
2018-12-21,9.23,9.0,9.28,8.96,8906959.0,81173008.0
2018-12-24,8.86,9.16,9.29,8.79,9746229.0,89055636.0
2018-12-25,9.16,9.26,9.33,9.0,8454593.0,77423874.0
2018-12-26,9.26,9.05,9.35,8.97,6638670.0,60303206.0
2018-12-27,9.13,9.03,9.22,8.91,8062224.0,72883356.0
2018-12-28,8.91,8.53,8.96,8.15,17287163.0,147302771.0
2019-01-02,8.44,8.51,8.56,8.36,5603353.0,47566637.0
2019-01-03,8.53,8.33,8.53,8.26,5322200.0,44761199.0
2019-01-04,8.18,8.29,8.43,8.12,7523448.0,62275164.0
2019-01-07,8.32,8.37,8.45,8.32,8090067.0,67934079.0
2019-01-08,8.41,8.3,8.44,8.26,6478161.0,53928070.0
2019-01-09,8.37,8.31,8.49,8.26,8145672.0,68318366.0
2019-01-10,8.32,8.25,8.45,8.23,6889546.0,57223890.0
2019-01-11,8.29,8.27,8.36,8.2,6032988.0,49873696.0
2019-01-14,8.25,8.18,8.31,8.08,8175056.0,67097543.0
2019-01-15,8.15,8.29,8.32,8.14,6379414.0,52688173.0
2019-01-16,8.3,8.4,8.44,8.26,7054411.0,59087614.0
2019-01-17,8.34,8.21,8.41,8.15,5279217.0,43682728.0
2019-01-18,8.21,8.26,8.32,8.15,5464619.0,45136616.0
2019-01-21,8.29,8.51,8.59,8.29,10014162.0,84922424.0
2019-01-22,8.51,8.3,8.55,8.24,6587371.0,55051613.0
2019-01-23,8.3,8.26,8.33,8.22,3392436.0,28020506.0
2019-01-24,8.28,8.33,8.44,8.22,4596624.0,38307631.0
2019-01-25,8.33,8.37,8.46,8.3,5745894.0,48241669.0
2019-01-28,8.41,8.57,8.7,8.39,11191292.0,96182442.0
2019-01-29,8.7,8.66,8.81,8.45,10350202.0,89271310.0
2019-01-30,8.68,8.86,8.98,8.65,12478731.0,110290303.0
2019-01-31,8.86,9.08,9.09,8.75,11885993.0,106633270.0
2019-02-01,9.02,9.21,9.33,8.93,9610833.0,87916296.0
2019-02-11,9.34,9.74,9.84,9.33,14189896.0,137256277.0
2019-02-12,9.71,10.09,10.6,9.68,22701917.0,230520526.0
2019-02-13,10.14,10.25,10.5,10.04,17373105.0,178314790.0
2019-02-14,10.5,10.99,11.27,10.48,36682537.0,402025875.0
2019-02-15,10.86,10.59,10.9,10.54,18663849.0,199345441.0
2019-02-18,10.85,11.65,11.65,10.85,28615188.0,327384536.0
2019-02-19,11.71,11.94,12.1,11.0,32692418.0,379421051.0
2019-02-20,11.61,11.5,11.7,11.19,25286979.0,288408273.0
2019-02-21,11.56,11.44,11.78,11.37,16137270.0,186414545.0
2019-02-22,11.47,11.71,11.74,11.35,12996033.0,150557966.0
2019-02-25,11.99,11.93,12.08,11.66,24014170.0,285416468.0
2019-02-26,11.71,11.54,11.92,11.43,24642132.0,285190186.0
2019-02-27,11.52,11.06,11.65,10.84,27473449.0,308089379.0
2019-02-28,11.17,12.17,12.17,11.09,34191606.0,409199037.0
2019-03-01,12.2,11.57,12.2,11.34,31095293.0,362898173.0
2019-03-04,11.8,11.52,11.9,11.46,22793192.0,266234997.0
2019-03-05,11.52,12.44,12.63,11.52,31953783.0,389026984.0
2019-03-06,12.61,12.19,12.74,11.84,36456608.0,440222399.0
2019-03-07,12.02,12.0,12.24,11.85,21245053.0,255443117.0
2019-03-08,11.85,11.85,12.42,11.75,26328028.0,318890393.0
2019-03-11,11.88,12.37,12.53,11.88,24617597.0,301645265.0
2019-03-12,12.75,13.22,13.58,12.46,37148778.0,485348446.0
2019-03-13,13.26,13.0,13.74,12.81,22632046.0,300410175.0
2019-03-14,12.94,13.52,13.57,12.66,20806649.0,274930497.0
2019-03-15,13.56,13.88,14.07,13.25,20977883.0,285207485.0
2019-03-18,13.73,13.86,14.18,13.47,14535284.0,199311444.0
2019-03-19,13.73,13.64,13.84,13.47,8325366.0,113284686.0
2019-03-20,13.61,13.76,14.03,13.51,12226992.0,168450867.0
2019-03-21,14.02,14.0,14.29,13.59,13696189.0,192130258.0
2019-03-22,14.02,14.4,14.56,13.76,19161289.0,272851065.0
2019-03-25,14.21,14.36,14.96,14.04,15850925.0,231215949.0
2019-03-26,14.53,14.09,14.91,13.98,14008392.0,202063398.0
2019-03-27,14.15,14.08,14.25,13.66,14359262.0,200208140.0
2019-03-28,14.14,13.88,14.28,13.72,8335534.0,116909416.0
2019-03-29,13.91,14.6,14.65,13.54,11824434.0,167788916.0
2019-04-01,14.62,14.6,15.02,14.43,17998930.0,264766969.0
2019-04-02,14.79,14.43,14.9,14.39,12775278.0,186744504.0
2019-04-03,14.43,14.93,15.15,14.42,15369267.0,227557164.0
2019-04-04,14.94,14.41,15.06,14.2,19258420.0,278420135.0
2019-04-08,14.53,14.27,14.56,14.1,18090264.0,258646952.0
2019-04-09,14.36,14.22,14.45,14.03,9976644.0,141996852.0
2019-04-10,14.22,13.99,14.3,13.8,10217943.0,143299222.0
2019-04-11,14.03,13.72,14.06,13.57,14691406.0,201100002.0
2019-04-12,13.7,13.5,13.72,13.08,20552381.0,274879687.0
2019-04-15,13.66,13.52,13.88,13.38,19250893.0,262779694.0
2019-04-16,13.34,13.64,13.7,12.98,15543253.0,207779696.0
2019-04-17,15.0,14.58,15.0,14.39,41712033.0,616180530.0
2019-04-18,14.59,14.17,14.79,14.05,14950858.0,214486832.0
2019-04-19,14.15,13.74,14.15,13.71,11367226.0,157486715.0
2019-04-22,13.78,13.55,13.98,13.53,8288185.0,114127515.0
2019-04-23,13.65,13.52,13.78,13.44,5824232.0,79054339.0
2019-04-24,13.46,13.47,13.53,13.05,17166111.0,227175306.0
2019-04-25,13.36,13.13,13.47,12.97,12785197.0,168989449.0
2019-04-26,12.94,12.7,13.15,12.66,9927492.0,128171024.0
2019-04-29,12.77,12.77,12.89,12.43,8219863.0,104402796.0
2019-04-30,12.79,12.55,12.88,12.33,9947319.0,125244846.0
2019-05-06,12.09,11.37,12.09,11.33,14508226.0,168732024.0
2019-05-07,11.64,11.87,12.4,11.37,21172342.0,251000514.0
2019-05-08,11.74,12.07,12.46,11.54,14263483.0,172750310.0
2019-05-09,12.04,11.8,12.42,11.76,10921692.0,130790079.0
2019-05-10,12.18,12.65,12.82,11.85,11541170.0,142789189.0
2019-05-13,12.66,12.03,12.66,11.61,12097872.0,145404577.0
2019-05-14,11.68,11.76,12.09,11.66,7731444.0,91506846.0
2019-05-15,12.0,12.0,12.07,11.77,5708451.0,68118393.0
2019-05-16,11.94,12.13,12.16,11.89,6717944.0,80876194.0
2019-05-17,12.08,11.85,12.21,11.64,12785100.0,152342531.0
2019-05-20,11.84,11.67,12.07,11.45,10705043.0,125249244.0
2019-05-21,11.67,12.14,12.29,11.62,12122313.0,145775885.0
2019-05-22,12.21,11.97,12.27,11.74,7067527.0,84738890.0
2019-05-23,11.94,11.5,11.94,11.43,6581107.0,76429678.0
2019-05-24,11.41,11.48,11.64,11.37,4865514.0,55897669.0
2019-05-27,11.62,11.98,12.09,11.49,7352939.0,87210752.0
2019-05-28,12.03,11.98,12.16,11.89,6580246.0,79254304.0
2019-05-29,12.01,11.94,12.12,11.9,5298496.0,63655895.0
2019-05-30,11.77,11.83,11.89,11.63,4893288.0,57518433.0
2019-05-31,11.89,11.77,12.01,11.65,4222509.0,49952770.0
2019-06-03,11.8,11.87,12.14,11.7,5882818.0,69991502.0
2019-06-04,11.84,11.8,12.03,11.64,6389654.0,75311468.0
2019-06-05,11.88,11.83,11.93,11.7,4344310.0,51476797.0
2019-06-06,11.73,11.1,11.83,10.91,10193630.0,114989738.0
2019-06-10,11.05,11.16,11.48,11.05,6004358.0,67563667.0
2019-06-11,11.16,11.41,11.45,10.98,11055980.0,125012679.0
2019-06-12,11.41,11.16,11.41,10.97,11522725.0,128808526.0
2019-06-13,11.16,11.17,11.3,11.03,6796837.0,75814573.0
2019-06-14,11.18,10.78,11.24,10.71,10601315.0,115868769.0
2019-06-17,10.78,10.91,10.94,10.68,5003701.0,54218171.0
2019-06-18,10.89,10.98,11.05,10.76,6093427.0,66666775.0
2019-06-19,11.33,11.45,11.6,11.24,15458502.0,177036915.0
2019-06-20,11.44,11.63,11.83,11.22,9880493.0,114055331.0
2019-06-21,11.56,11.78,12.06,11.56,11303901.0,133910761.0
2019-06-24,11.78,11.45,11.85,11.37,13181734.0,151949079.0
2019-06-25,11.54,11.38,11.54,11.18,11538032.0,130624555.0
2019-06-26,11.38,11.38,11.51,11.25,5933491.0,67673042.0
2019-06-27,11.44,11.83,11.91,11.44,17559323.0,206214054.0
2019-06-28,11.81,11.57,11.81,11.46,10016238.0,115726812.0
2019-07-01,12.07,12.15,12.35,11.8,22622567.0,274032402.0
2019-07-02,12.18,12.2,12.43,12.05,14400758.0,176523206.0
2019-07-03,12.13,12.08,12.23,11.89,9593744.0,115577580.0
2019-07-04,12.07,11.91,12.18,11.66,10749997.0,128337912.0
2019-07-05,11.97,11.79,12.0,11.69,8732697.0,103062435.0
2019-07-08,11.77,11.21,11.78,11.14,11055389.0,124787116.0
2019-07-09,11.21,11.2,11.29,11.05,5715580.0,63889028.0
2019-07-10,11.36,11.16,11.36,11.06,4646823.0,51906855.0
2019-07-11,11.15,10.99,11.32,10.86,8694824.0,95990057.0
2019-07-12,11.02,11.0,11.11,10.86,6543876.0,72083734.0
2019-07-15,11.0,11.04,11.24,10.74,10530328.0,115987133.0
2019-07-16,11.06,11.33,11.57,11.01,11367949.0,128763968.0
2019-07-17,11.4,11.25,11.45,11.18,7760196.0,87693519.0
2019-07-18,11.14,10.81,11.22,10.77,11970452.0,130112611.0
2019-07-19,10.91,10.81,11.04,10.77,7366305.0,80033433.0
2019-07-22,10.85,10.62,10.9,10.55,6853414.0,73213598.0
2019-07-23,10.66,11.09,11.33,10.64,17147703.0,190263007.0
2019-07-24,11.17,11.67,11.9,11.14,31719472.0,369752298.0
2019-07-25,11.87,11.96,12.16,11.74,29571275.0,354421969.0
2019-07-26,12.05,12.11,12.25,11.85,21488714.0,259410860.0
2019-07-29,11.96,12.9,13.21,11.96,27956659.0,357161796.0
2019-07-30,13.0,12.94,13.14,12.74,22547701.0,292580654.0
2019-07-31,13.12,13.24,13.52,12.93,26493823.0,350080185.0
2019-08-01,12.67,12.73,12.97,12.42,45465050.0,577079200.0
2019-08-02,12.39,11.93,12.39,11.75,39864020.0,477105152.0
2019-08-05,12.0,12.12,12.66,11.91,41577185.0,510044238.0
2019-08-06,11.64,11.97,11.99,11.44,32768144.0,384170356.0
2019-08-07,11.97,11.09,12.02,11.09,41522559.0,473452685.0
2019-08-08,11.14,11.33,11.5,10.85,25096937.0,281161414.0
2019-08-09,11.3,11.13,11.57,11.11,23409903.0,264726757.0
2019-08-12,11.48,12.07,12.2,11.36,38067822.0,444531757.0
2019-08-13,12.01,12.46,12.7,11.93,36338578.0,450226861.0
2019-08-14,12.97,12.64,13.12,12.5,40167896.0,515103625.0
2019-08-15,12.29,12.8,12.9,12.2,32515864.0,407459799.0
2019-08-16,12.66,12.7,12.92,12.52,27735621.0,351989345.0
2019-08-19,12.89,13.16,13.4,12.64,33925459.0,440996806.0
2019-08-20,13.13,13.13,13.25,12.96,18472732.0,242169167.0
2019-08-21,13.17,13.06,13.36,12.69,28696609.0,372818899.0
2019-08-22,13.0,13.01,13.22,12.89,15839808.0,206314352.0
2019-08-23,13.06,12.93,13.11,12.59,21002820.0,268998889.0
2019-08-26,12.6,12.38,12.75,12.22,24603589.0,305735567.0
2019-08-27,12.38,12.76,12.92,12.38,20638491.0,262720470.0
2019-08-28,12.68,12.8,13.05,12.58,17263413.0,221444728.0
2019-08-29,12.9,12.75,12.97,12.6,17998333.0,229213598.0
2019-08-30,12.8,12.39,13.1,12.23,23457504.0,296814411.0
2019-09-02,12.23,12.72,12.85,12.23,18376574.0,231220799.0
2019-09-03,12.72,13.21,13.27,12.63,27667586.0,358373072.0
2019-09-04,13.15,13.42,13.63,13.0,29305969.0,391484776.0
2019-09-05,13.42,13.57,14.02,13.33,28501166.0,388606902.0
2019-09-06,13.64,13.63,13.93,13.4,15537144.0,211304008.0
2019-09-09,13.93,14.04,14.33,13.73,25936749.0,364817711.0
2019-09-10,14.17,14.11,14.31,13.78,22470776.0,315040876.0
2019-09-11,14.49,14.12,14.59,13.85,31341783.0,443097636.0
2019-09-12,14.17,14.11,14.25,13.89,17020032.0,239229998.0
2019-09-16,14.41,15.25,15.52,14.2,49266189.0,738590347.0
2019-09-17,15.15,14.98,15.51,14.67,33935148.0,512847207.0
2019-09-18,14.99,14.72,15.12,14.31,24593104.0,361607933.0
2019-09-19,14.89,15.26,15.37,14.69,29950824.0,450609687.0
2019-09-20,15.26,15.59,16.07,15.06,31328497.0,489332666.0
2019-09-23,15.57,16.16,16.21,15.08,24821615.0,390779065.0
2019-09-24,16.09,15.97,16.29,15.84,20622584.0,331647754.0
2019-09-25,15.9,15.49,16.16,15.32,26148088.0,409345523.0
2019-09-26,15.56,15.33,15.64,14.85,34894691.0,530308004.0
2019-09-27,15.25,15.43,16.02,14.89,25988585.0,403157642.0
2019-09-30,15.56,14.8,15.7,14.79,23335460.0,351757457.0
2019-10-08,14.86,14.55,15.17,14.39,23236802.0,342602876.0
2019-10-09,14.31,14.29,14.41,13.66,38634496.0,542852978.0
2019-10-10,14.14,14.3,14.38,14.04,20862804.0,296458322.0
2019-10-11,14.24,13.93,14.41,13.84,17330449.0,243335300.0
2019-10-14,14.13,14.29,14.47,13.95,21591354.0,307436446.0
2019-10-15,14.3,13.75,14.3,13.72,16954368.0,235532879.0
2019-10-16,13.69,13.73,13.91,13.6,11901711.0,163686790.0
2019-10-17,13.81,13.62,13.86,13.58,13895793.0,190708647.0
2019-10-18,13.73,13.69,13.9,13.6,14704437.0,201964052.0
2019-10-21,13.66,13.76,13.78,13.16,9663981.0,131103978.0
2019-10-22,13.78,14.05,14.1,13.69,13536746.0,189054721.0
2019-10-23,14.1,13.64,14.1,13.39,14486576.0,199138691.0
2019-10-24,13.46,13.46,13.59,13.25,9505051.0,127636564.0
2019-10-25,13.48,13.66,13.76,13.27,11276769.0,152874161.0
2019-10-28,13.7,13.83,13.95,13.62,14223528.0,196244891.0
2019-10-29,13.85,13.28,13.86,13.25,16961013.0,228771058.0
2019-10-30,13.49,13.39,13.61,13.04,25667865.0,342178077.0
2019-10-31,13.4,14.08,14.31,13.4,33768264.0,472380599.0
2019-11-01,14.08,14.16,14.17,13.92,20626273.0,290322342.0
2019-11-04,14.08,14.6,14.82,13.99,35255395.0,509911357.0
2019-11-05,14.7,14.69,14.77,14.49,18701894.0,273369079.0
2019-11-06,14.73,14.53,14.78,14.33,17199814.0,250171162.0
2019-11-07,14.45,14.44,14.52,14.14,20815875.0,298393600.0
2019-11-08,14.5,14.82,14.96,14.44,26547755.0,391691822.0
2019-11-11,14.43,14.76,15.13,14.32,23212235.0,345049482.0
2019-11-12,14.94,14.81,14.98,14.36,17868627.0,262647344.0
2019-11-13,14.79,15.13,15.32,14.53,20826383.0,312570391.0
2019-11-14,15.02,16.64,16.64,14.85,45775536.0,730117060.0
2019-11-15,16.23,15.85,16.96,15.85,49417922.0,809460463.0
2019-11-18,15.91,15.66,16.17,15.56,24503911.0,386931450.0
2019-11-19,15.61,16.12,16.24,15.43,25168102.0,398981471.0
2019-11-20,15.99,15.57,16.0,15.54,16905516.0,265708003.0
2019-11-21,15.43,15.38,15.7,15.27,12428120.0,192003201.0
2019-11-22,15.5,15.02,15.86,14.84,25500034.0,390846035.0
2019-11-25,15.0,14.52,15.08,14.3,20111783.0,292579671.0
2019-11-26,14.6,14.61,14.88,14.47,20652336.0,303345737.0
2019-11-27,14.73,15.21,15.46,14.63,24311195.0,369516749.0
2019-11-28,15.21,15.21,15.55,15.09,15986609.0,244466882.0
2019-11-29,15.21,15.5,15.69,15.05,22111650.0,339965813.0
2019-12-02,15.67,15.75,15.9,15.62,17933964.0,282297892.0
2019-12-03,15.63,15.93,15.97,15.44,15292439.0,239650749.0
2019-12-04,15.93,15.93,15.93,15.93,0.0,0.0
2019-12-05,15.93,15.93,15.93,15.93,0.0,0.0
2019-12-06,15.93,15.93,15.93,15.93,0.0,0.0
2019-12-09,15.93,15.93,15.93,15.93,0.0,0.0
2019-12-10,15.93,15.93,15.93,15.93,0.0,0.0
2019-12-11,15.93,15.93,15.93,15.93,0.0,0.0
2019-12-12,15.93,15.93,15.93,15.93,0.0,0.0
2019-12-13,17.53,17.53,17.53,17.53,2492321.0,43686649.0
2019-12-16,19.29,19.29,19.29,19.29,6589510.0,127086320.0
2019-12-17,21.22,21.22,21.22,21.22,9499873.0,201555875.0
2019-12-18,23.34,23.34,23.34,23.34,33835831.0,789705361.0
2019-12-19,23.53,21.61,23.53,21.57,156703550.0,3544884512.0
2019-12-20,21.19,19.56,21.2,19.45,109089095.0,2206271361.0
2019-12-23,19.59,19.77,20.01,19.26,75396311.0,1485529022.0
2019-12-24,19.65,19.61,19.85,19.09,48866054.0,951159113.0
2019-12-25,19.36,19.51,20.01,19.32,50204844.0,987108059.0
2019-12-26,19.31,19.69,19.69,18.93,44809134.0,862031180.0
2019-12-27,19.79,18.73,19.98,18.73,48190091.0,932920678.0
2019-12-30,18.33,18.71,18.97,18.09,38662001.0,716154401.58
2019-12-31,18.6,18.47,18.88,18.33,28425996.0,526712833.58
2020-01-02,18.73,19.52,19.83,18.52,62580948.0,1204778697.05
2020-01-03,19.32,19.26,19.69,19.06,38055719.0,735567322.45
2020-01-06,19.1,19.63,19.96,18.91,49601775.0,969249475.73
2020-01-07,19.59,20.05,20.6,19.57,53900994.0,1086925522.23
2020-01-08,19.7,19.38,19.94,19.32,36436103.0,711714384.13
2020-01-09,19.5,19.73,19.83,19.33,33264111.0,652187043.77
2020-01-10,19.53,19.37,19.82,19.02,32055623.0,622456959.07
2020-01-13,19.36,19.88,19.93,19.3,33818502.0,664958476.13
2020-01-14,19.91,19.45,19.94,19.43,30723058.0,601430384.93
2020-01-15,19.16,19.21,19.35,18.83,29552891.0,564329537.41
2020-01-16,19.48,21.05,21.13,19.48,95034867.0,1982061698.03
2020-01-17,20.84,21.08,21.47,20.55,56843261.0,1194913375.81
2020-01-20,21.42,21.81,22.28,20.69,50300568.0,1079701598.7
2020-01-21,21.54,20.55,21.63,20.53,44060919.0,923603271.86
2020-01-22,20.36,20.78,21.09,20.0,38166646.0,786057841.77
2020-01-23,20.37,18.99,20.77,18.71,44879087.0,880624164.0
2020-02-03,17.09,17.09,17.09,17.09,7118004.0,121623114.0
2020-02-04,15.64,17.37,17.73,15.64,41257412.0,704651306.4
2020-02-05,17.45,17.69,18.5,17.35,32674247.0,584955558.57
2020-02-06,17.71,18.37,18.53,17.39,35605289.0,641844233.18
2020-02-07,18.23,18.59,18.73,17.77,34178093.0,620928576.61
2020-02-10,18.44,18.15,18.44,17.91,32160312.0,583841625.65
2020-02-11,17.92,18.53,18.92,17.85,43051202.0,791157180.41
2020-02-12,18.25,18.54,18.59,17.99,35656325.0,651705315.36
2020-02-13,18.99,18.31,18.99,18.17,33882547.0,628130502.26
2020-02-14,18.21,19.02,19.59,18.08,52361157.0,994339972.4
2020-02-17,19.46,20.19,20.5,19.45,51586532.0,1027016960.61
2020-02-18,20.19,22.21,22.21,19.98,70558160.0,1503997564.37
2020-02-19,21.9,22.38,23.78,21.8,86635903.0,1956874219.99
2020-02-20,23.05,23.4,23.92,22.57,61333505.0,1427353117.23
2020-02-21,23.2,25.21,25.74,23.08,65647684.0,1606076772.45
2020-02-24,24.78,25.85,26.21,24.0,62539955.0,1563791054.26
2020-02-25,24.9,24.77,25.53,23.26,85696863.0,2091327778.16
2020-02-26,23.9,22.7,24.1,22.43,60067713.0,1395633580.03
2020-02-27,23.24,22.61,23.4,22.33,37666165.0,860415794.53
2020-02-28,21.51,20.69,21.97,20.58,48826190.0,1038638664.84
2020-03-02,21.27,21.22,21.69,20.68,36196712.0,769750236.48
2020-03-03,21.8,21.21,22.47,20.92,40456644.0,880317116.28
2020-03-04,20.75,21.05,21.52,20.5,29956657.0,626897156.95
2020-03-05,21.5,21.08,21.61,20.63,28347162.0,595083818.03
2020-03-06,20.68,20.96,21.39,20.57,21302380.0,447669268.27
2020-03-09,20.21,19.22,20.6,19.14,34442609.0,681816542.62
2020-03-10,19.22,20.21,20.31,19.03,32773504.0,646670193.83
2020-03-11,20.62,19.8,20.94,19.66,30966477.0,630980518.49
2020-03-12,19.21,19.35,19.83,19.04,24461200.0,473056306.74
2020-03-13,18.04,19.14,19.53,18.02,26576535.0,501504296.79
2020-03-16,19.21,17.37,19.37,17.24,42180552.0,761817796.73
2020-03-17,17.53,17.02,17.85,16.38,31174034.0,531814904.52
2020-03-18,17.29,16.5,17.65,16.38,28234710.0,484018611.1
2020-03-19,16.83,17.32,17.45,16.73,37494254.0,643659514.34
2020-03-20,17.64,17.55,17.72,17.22,24135828.0,421002880.1
2020-03-23,16.7,16.08,17.09,15.94,32432321.0,532249274.91
2020-03-24,16.52,16.38,16.61,15.67,22542341.0,365041471.59
2020-03-25,16.9,17.09,17.35,16.73,34059847.0,580924572.03
2020-03-26,17.09,17.09,17.09,17.09,0.0,0.0
2020-03-27,17.14,16.4,17.46,16.34,30483255.0,511741684.41
2020-03-30,15.94,15.27,15.94,14.81,30954188.0,470233337.32
2020-03-31,15.61,15.25,15.74,15.14,18116004.0,279406351.55
2020-04-01,15.32,15.53,15.92,15.06,21546898.0,336659252.17
2020-04-02,15.34,16.37,16.38,15.28,28727547.0,458092559.52
2020-04-03,16.23,15.94,16.23,15.75,20382351.0,325253475.57
2020-04-07,16.65,16.55,17.09,16.4,25537725.0,424975870.91
2020-04-08,16.61,16.66,16.91,16.45,20000642.0,333925697.44
2020-04-09,16.9,16.55,16.9,16.38,15668264.0,260075664.79
2020-04-10,16.44,15.89,16.55,15.73,19547349.0,313541547.52
2020-04-13,15.56,15.92,16.23,15.55,14504778.0,231221004.47
2020-04-14,16.19,16.38,16.4,15.92,16926816.0,273306931.81
2020-04-15,16.64,16.36,16.84,16.24,25702549.0,424405953.21
2020-04-16,16.15,16.21,16.33,15.83,17783423.0,286567486.46
2020-04-17,16.52,16.69,17.05,16.52,33325988.0,560308192.12
2020-04-20,16.68,16.87,16.9,16.5,17255522.0,289348924.6
2020-04-21,16.69,16.54,16.74,16.25,15724858.0,259224570.14
2020-04-22,16.36,16.73,16.74,16.33,12659253.0,210314761.33
2020-04-23,16.73,16.39,16.79,16.37,10367258.0,170926378.57
2020-04-24,16.38,16.05,16.54,15.93,11536428.0,186764845.93
2020-04-27,16.1,15.81,16.17,15.77,7328028.0,116752122.36
2020-04-28,15.81,15.8,16.11,15.05,16011154.0,252132913.87
2020-04-29,15.59,16.41,16.45,15.59,13871858.0,224215963.77
2020-04-30,16.81,17.17,17.64,16.76,32656990.0,559716122.86
2020-05-06,17.51,18.15,18.22,17.29,34301568.0,609428869.94
2020-05-07,18.25,17.8,18.4,17.5,28544629.0,508529765.93
2020-05-08,17.83,17.78,18.02,17.58,24052943.0,427776025.48
2020-05-11,18.23,18.13,18.57,17.84,30616951.0,557686600.37
2020-05-12,17.95,17.9,18.01,17.37,20985186.0,372317773.96
2020-05-13,17.71,17.77,17.92,17.61,14015960.0,249014716.04
2020-05-14,17.67,17.74,18.03,17.61,16117912.0,286804224.38
2020-05-15,17.86,17.88,18.3,17.61,23027487.0,414031449.49
2020-05-18,17.52,16.49,17.58,16.47,35402433.0,600543422.93
2020-05-19,16.71,17.04,17.12,16.57,19822418.0,334235569.26
2020-05-20,17.1,16.93,17.26,16.68,17780916.0,301772089.38
2020-05-21,17.02,16.41,17.12,16.34,13548605.0,225890362.89
2020-05-22,16.49,15.94,16.57,15.88,12721123.0,205374209.38
2020-05-25,15.94,15.78,16.1,15.66,10256539.0,162707577.96
2020-05-26,15.9,16.68,16.76,15.89,18289360.0,299564474.66
2020-05-27,16.82,17.13,17.29,16.76,26179954.0,447173431.83
2020-05-28,17.06,16.67,17.12,16.26,20122211.0,334465850.72
2020-05-29,16.49,16.64,16.77,16.33,13084618.0,216231324.7
2020-06-01,16.67,18.31,18.31,16.67,50833695.0,913965002.36
2020-06-02,18.59,18.83,19.17,18.34,54948206.0,1036922374.23
2020-06-03,19.05,19.12,19.69,18.74,37019002.0,710377922.68
2020-06-04,19.23,18.92,19.37,18.64,22935077.0,434698420.42
2020-06-05,18.87,18.83,19.15,18.63,20780677.0,391352010.67
2020-06-08,19.24,18.83,19.67,18.73,25965797.0,496067277.79
2020-06-09,18.83,18.86,19.11,18.57,14375040.0,270743178.93
2020-06-10,19.32,19.5,19.62,18.95,32608837.0,630117023.03
2020-06-11,19.34,19.01,19.6,18.92,27453613.0,529620873.13
2020-06-12,18.54,18.27,18.71,18.17,33047121.0,607494779.19
2020-06-15,18.25,17.81,18.49,17.81,21282286.0,386092658.08
2020-06-16,18.24,18.41,18.5,18.07,18897730.0,345163827.87
2020-06-17,18.7,18.15,18.7,17.93,17646537.0,319652876.2
2020-06-18,18.12,19.42,19.63,18.03,38298473.0,729628198.9
2020-06-19,19.49,20.83,20.93,19.48,46642636.0,951952872.49
2020-06-22,20.79,20.83,21.08,20.54,33240470.0,691447587.48
2020-06-23,21.1,20.7,21.2,20.32,23570112.0,486197004.64
2020-06-24,20.7,20.7,20.98,20.45,20062944.0,415082793.74
2020-06-29,20.51,20.19,20.59,19.98,19882083.0,403077158.73
2020-06-30,20.61,21.16,21.46,20.42,28906833.0,607189630.42
2020-07-01,20.85,20.98,21.16,20.46,21699428.0,453035660.6
2020-07-02,20.97,21.88,22.15,20.77,36289319.0,778302954.05
2020-07-03,21.71,21.75,21.85,21.29,26238229.0,565604941.93
2020-07-06,21.9,22.68,22.86,21.8,33211878.0,743367584.13
2020-07-07,23.34,22.67,23.79,22.54,35426105.0,823643306.15
2020-07-08,22.86,23.35,23.41,22.6,27976916.0,648054011.0
2020-07-09,23.17,24.2,24.42,23.08,30021056.0,716907729.13
2020-07-10,24.19,23.79,24.41,23.55,24331545.0,582706930.15
2020-07-13,23.74,24.48,24.62,23.63,29588633.0,714498273.59
2020-07-14,24.26,22.99,24.41,22.51,42910177.0,1001671182.89
2020-07-15,23.35,21.89,23.61,21.71,41731603.0,943676161.77
2020-07-16,22.23,20.95,22.92,20.81,38289396.0,835770273.63
2020-07-17,21.05,20.64,21.37,20.34,27798910.0,578593345.13
2020-07-20,21.07,21.11,21.19,20.38,23891833.0,497340029.48
2020-07-21,21.13,20.95,21.27,20.45,23515953.0,490030868.14
2020-07-22,20.94,21.31,21.7,20.59,25066219.0,534364256.52
2020-07-23,20.98,20.69,21.18,20.2,22437965.0,463086606.53
2020-07-24,20.45,19.53,20.87,19.28,23053047.0,462263656.48
2020-07-27,19.56,19.38,19.82,19.2,15857311.0,309201658.33
2020-07-28,19.58,20.25,20.68,19.58,20873202.0,421507655.4
2020-07-29,20.08,20.92,20.94,20.06,20622912.0,424204312.2
2020-07-30,20.99,21.33,21.6,20.6,25499413.0,539824197.14
2020-07-31,22.78,23.46,23.46,22.78,19851884.0,462835116.61
2020-08-03,25.46,25.81,25.81,24.81,39650826.0,1009111138.66
2020-08-04,26.16,25.11,26.31,24.72,71807525.0,1826082796.52
2020-08-05,25.68,25.59,26.26,24.91,45894060.0,1171496744.0
2020-08-06,25.48,26.16,27.21,25.24,45679404.0,1201818321.97
2020-08-07,25.97,25.8,26.61,25.0,36434420.0,938137782.69
2020-08-10,24.41,23.22,24.61,23.22,57984807.0,1368495790.69
2020-08-11,23.65,23.26,24.21,23.26,38386009.0,913697157.57
2020-08-12,23.8,23.94,24.1,22.83,31635340.0,743451053.78
2020-08-13,24.23,23.06,24.29,22.97,23871614.0,556669929.89
2020-08-14,23.25,23.8,23.89,23.11,18235688.0,429972346.11
2020-08-17,23.84,24.14,24.27,23.42,22221855.0,530433081.9
2020-08-18,23.83,23.55,23.94,23.06,23531352.0,551107325.83
2020-08-19,23.3,22.29,23.43,22.29,20114272.0,457726736.94
2020-08-20,22.0,22.36,22.69,21.85,16085178.0,360176725.83
2020-08-21,22.76,22.78,23.41,22.43,18320546.0,420406103.19
2020-08-24,23.45,25.06,25.06,22.91,46338246.0,1125151687.47
2020-08-25,25.06,24.46,25.3,24.16,32145197.0,790985721.38
2020-08-26,24.45,22.53,24.45,22.41,35294452.0,815936394.51
2020-08-27,22.72,22.9,23.12,22.46,15879592.0,362349570.86
2020-08-28,22.54,23.03,23.11,22.41,15478658.0,352954290.52
2020-08-31,23.33,22.67,23.49,22.67,16439009.0,378990552.05
2020-09-01,22.21,22.93,23.26,22.01,19792284.0,449909675.05
2020-09-02,23.17,23.16,23.66,22.9,18817565.0,436564365.34
2020-09-03,22.91,22.47,22.92,22.37,14370133.0,324235739.45
2020-09-04,21.64,22.01,22.12,21.23,19008619.0,412425262.96
2020-09-07,21.81,21.5,22.29,21.33,12119444.0,264216114.9
2020-09-08,21.68,21.55,21.78,21.08,10711672.0,229677728.49
2020-09-09,21.33,20.88,21.34,20.49,11634515.0,244045699.31
2020-09-10,21.54,21.46,22.39,21.12,22199203.0,484532937.21
2020-09-11,21.55,22.17,22.28,20.95,15207963.0,330920337.87
2020-09-14,22.66,22.77,22.83,22.17,17829172.0,401283133.82
2020-09-15,22.4,23.0,23.06,22.01,22001470.0,498109470.0
2020-09-16,23.02,22.15,23.02,22.07,17258012.0,384973301.73
2020-09-17,21.72,21.68,21.99,21.18,16573713.0,358285791.28
2020-09-18,21.61,22.84,22.92,21.51,21293382.0,476474350.65
2020-09-21,22.87,22.89,23.42,22.63,16510624.0,380161131.17
2020-09-22,22.82,23.14,23.98,22.69,22583441.0,528712983.86
2020-09-23,23.15,23.32,23.6,22.96,12617179.0,293180539.95
2020-09-24,22.93,23.03,23.44,22.74,12831415.0,296131371.74
2020-09-25,23.16,23.55,23.96,23.14,21120460.0,497272572.35
2020-09-28,23.55,24.35,24.96,23.32,31396603.0,761422937.72
2020-09-29,24.73,24.73,25.25,24.27,30057110.0,742982409.3
2020-09-30,24.57,24.73,25.05,24.42,19341772.0,478486069.49
2020-10-09,25.6,26.59,26.59,25.45,32060277.0,834610212.53
2020-10-12,26.41,26.7,26.7,25.89,28902200.0,762686718.87
2020-10-13,26.7,26.2,27.41,25.96,26435833.0,699390209.05
2020-10-14,25.2,24.47,25.29,24.19,39429161.0,971705842.91
2020-10-15,24.48,24.23,24.57,23.84,17438545.0,422763674.86
2020-10-16,24.21,23.89,24.37,23.5,14721588.0,352151721.35
2020-10-19,24.42,23.35,24.58,23.26,20723869.0,490362790.46
2020-10-20,23.26,23.82,24.0,23.13,17212826.0,406522127.05
2020-10-21,23.82,23.11,23.82,22.97,13924869.0,323749520.14
2020-10-22,22.92,23.21,23.33,22.83,9108502.0,210694600.28
2020-10-23,23.45,22.76,23.65,22.7,10114122.0,234340157.19
2020-10-26,22.6,23.14,23.29,22.39,8864321.0,204277268.72
2020-10-27,23.02,23.08,23.35,22.66,11793584.0,270263763.49
2020-10-28,23.21,24.24,24.3,23.08,25003920.0,596483514.88
2020-10-29,23.54,23.53,23.97,23.43,20294419.0,479701022.93
2020-10-30,22.87,21.17,22.91,21.17,46164421.0,998002990.22
2020-11-02,20.83,20.9,21.11,20.25,22394048.0,463421746.13
2020-11-03,21.13,21.4,21.6,20.85,14972891.0,318788664.51
2020-11-04,21.45,20.98,21.51,20.84,14664574.0,309639556.2
2020-11-05,21.34,21.78,21.9,20.98,20700561.0,445619753.97
2020-11-06,21.86,21.87,21.96,21.38,13459009.0,291731876.61
2020-11-09,21.91,22.59,22.8,21.9,22203107.0,498859091.4
2020-11-10,22.29,22.29,22.43,21.93,15716100.0,348953220.94
2020-11-11,22.77,22.09,22.92,22.08,15956336.0,357889667.21
2020-11-12,22.3,22.14,22.56,21.93,10923233.0,242416917.6
2020-11-13,21.86,21.51,22.02,21.3,14166333.0,305985603.75
2020-11-16,21.57,21.25,21.82,20.69,16010508.0,337848528.94
2020-11-17,21.16,20.95,21.17,20.53,13790854.0,287157627.52
2020-11-18,20.93,21.34,21.44,20.83,11684926.0,247386343.6
2020-11-19,21.08,21.04,21.32,20.82,12731073.0,267989698.91
2020-11-20,21.16,21.02,21.17,20.74,10377537.0,217665339.42
2020-11-23,21.13,21.0,21.3,20.85,10698128.0,225100545.98
2020-11-24,20.93,20.74,21.11,20.64,10680124.0,222165276.78
2020-11-25,20.83,20.79,21.13,20.7,10873604.0,226650914.68
2020-11-26,20.82,20.88,21.06,20.66,9196362.0,191713608.46
2020-11-27,20.96,21.32,21.34,20.82,14607049.0,309436601.67
2020-11-30,21.33,21.22,21.5,20.7,17687348.0,374943142.63
2020-12-01,21.13,21.22,21.33,20.93,14773429.0,312086316.11
2020-12-02,21.25,21.32,21.42,21.13,16079386.0,342588588.06
2020-12-03,21.32,21.88,21.96,21.24,19138095.0,414401491.15
2020-12-04,21.9,21.67,22.11,21.5,12330055.0,267590372.36
2020-12-07,21.5,21.05,21.69,20.77,18076506.0,381396514.12
2020-12-08,21.09,20.95,21.14,20.83,8051753.0,168594885.08
2020-12-09,21.04,20.84,21.49,20.79,13021299.0,275258877.08
2020-12-10,21.21,20.88,21.44,20.83,12668306.0,266874622.09
2020-12-11,20.72,18.86,20.72,18.8,39974369.0,772333154.88
2020-12-14,18.76,18.31,18.89,17.94,25518030.0,467040313.8
2020-12-15,18.28,18.73,19.08,18.18,16243511.0,302174857.75
2020-12-16,18.92,18.75,19.12,18.59,11676384.0,220041540.47
2020-12-17,18.7,19.01,19.08,18.44,10859911.0,204423089.16
2020-12-18,19.09,18.91,19.28,18.83,8232896.0,156341951.53
2020-12-21,18.79,18.96,19.08,18.66,7784777.0,147294520.71
2020-12-22,18.81,18.53,19.1,18.48,10466617.0,196211770.72
2020-12-23,18.52,18.95,19.15,18.48,13014552.0,244654555.1
2020-12-24,18.9,18.37,19.24,18.31,9821268.0,184226254.36
2020-12-25,18.53,18.32,18.53,17.94,8891610.0,162471181.5
2020-12-28,18.25,18.11,18.35,17.71,11108426.0,200361305.98
2020-12-29,18.11,18.84,18.89,18.11,12504797.0,232955118.18
2020-12-30,18.85,18.77,18.95,18.6,7746171.0,145432605.0
2020-12-31,18.81,18.74,18.9,18.51,9580227.0,179238140.51
2021-01-04,18.73,18.93,19.08,18.61,11193373.0,211236860.33
2021-01-05,18.95,19.77,19.82,18.94,21090584.0,412427338.4
2021-01-06,19.72,19.49,19.84,19.37,14366431.0,280976694.17
2021-01-07,19.49,19.14,19.75,18.83,13050594.0,249760519.71
2021-01-08,19.03,19.68,19.9,19.03,15458187.0,303524849.65
2021-01-11,19.87,19.99,20.18,19.68,18350132.0,365707529.87
2021-01-12,19.69,19.83,20.43,19.68,19392222.0,386879596.47
2021-01-13,19.79,19.18,19.83,19.09,23735276.0,459059491.0
2021-01-14,19.09,19.57,20.03,18.84,27808054.0,542998361.9
2021-01-15,19.46,18.49,19.48,18.45,23938144.0,451011419.26
2021-01-18,18.5,19.84,20.23,18.3,41068170.0,799231877.66
2021-01-19,19.72,19.06,19.76,18.96,26971016.0,520930928.51
2021-01-20,18.96,18.69,19.09,18.53,16447078.0,307564667.78
2021-01-21,18.69,18.36,18.86,17.93,23591157.0,437770499.41
2021-01-22,18.37,17.8,18.7,17.38,30343499.0,538407654.7
2021-01-25,17.38,17.12,17.46,17.01,20089659.0,345911608.75
2021-01-26,17.16,16.65,17.37,16.39,20386535.0,340912253.99
2021-01-27,16.76,16.69,16.95,16.39,15563721.0,259413838.23
2021-01-28,16.38,15.71,16.43,15.71,22994625.0,368636988.47
2021-01-29,15.88,16.07,16.33,15.68,19504693.0,312770633.56
2021-02-01,16.26,16.85,16.92,16.11,20143379.0,335258096.4
2021-02-02,17.07,17.2,17.39,16.86,17789109.0,306012157.45
2021-02-03,17.39,17.51,17.69,17.2,17897254.0,312724232.88
2021-02-04,17.44,17.25,17.63,16.76,16611971.0,283995663.51
2021-02-05,18.83,17.51,18.89,17.44,40640346.0,737992636.37
2021-02-08,17.44,17.38,18.08,17.28,28204831.0,499416495.51
2021-02-09,17.17,17.89,18.01,17.06,20601847.0,364266594.83
2021-02-10,17.83,18.55,18.75,17.67,28376422.0,522490433.0
2021-02-18,18.64,18.63,18.84,18.43,19027046.0,353772873.33
2021-02-19,18.34,19.52,19.53,18.24,22626647.0,430989721.46
2021-02-22,19.48,18.96,19.61,18.95,18815638.0,362338504.89
2021-02-23,18.78,19.38,19.58,18.56,17122349.0,327539681.79
2021-02-24,19.26,19.15,19.58,18.91,12982659.0,250234684.26
2021-02-25,19.26,19.19,19.37,18.94,8494744.0,162855832.73
2021-02-26,18.78,19.19,19.55,18.66,14627184.0,281149739.36
2021-03-01,19.42,19.86,19.91,19.12,16172692.0,317328082.39
2021-03-02,20.05,19.58,20.11,19.34,14363443.0,281897055.76
2021-03-03,19.45,19.47,19.62,19.01,12271576.0,237325954.94
2021-03-04,19.35,18.63,19.38,18.6,12646770.0,238953612.2
2021-03-05,18.55,19.93,20.16,18.52,21589480.0,422889125.67
2021-03-08,19.97,19.17,20.06,19.15,13649677.0,265932956.52
2021-03-09,19.03,18.86,19.62,18.84,12094267.0,232307149.31
2021-03-10,19.22,18.23,19.3,18.2,12509820.0,232269627.55
2021-03-11,18.12,18.52,18.61,17.73,10850602.0,197803481.35
2021-03-12,18.53,18.79,18.81,18.21,8323398.0,154571617.07
2021-03-15,18.61,18.25,18.9,18.07,10098919.0,185174931.72
2021-03-16,18.12,18.2,18.39,17.83,7603371.0,138083766.66
2021-03-17,17.96,18.35,18.82,17.76,7674617.0,140864170.5
2021-03-18,18.3,17.99,18.32,17.93,7386046.0,133311830.77
2021-03-19,17.78,17.43,17.79,17.25,12256225.0,214587309.17
2021-03-22,17.38,17.53,17.74,17.34,7947293.0,139226883.66
2021-03-23,17.53,17.08,17.65,16.96,8374536.0,144764646.6
2021-03-24,17.0,16.77,17.2,16.7,7225493.0,121990456.21
2021-03-25,16.83,16.95,17.1,16.65,6494608.0,109990739.32
2021-03-26,17.1,17.15,17.37,16.96,8994014.0,154462869.58
2021-03-29,17.12,17.0,17.33,16.91,8443524.0,144072781.3
2021-03-30,17.33,17.9,18.01,17.12,18582487.0,327810256.68
2021-03-31,17.98,18.75,18.84,17.79,17487365.0,324260367.02
2021-04-01,18.79,19.14,19.19,18.55,12701407.0,241395383.72
2021-04-02,19.18,19.31,19.46,18.95,13056363.0,251340388.46
2021-04-06,19.42,19.31,19.46,19.07,9119673.0,175966070.16
2021-04-07,19.45,19.33,19.6,19.16,11523573.0,222958647.31
2021-04-08,19.49,19.19,19.51,19.1,6955464.0,134090153.99
2021-04-09,19.27,18.99,19.28,18.83,12997211.0,247043071.85
2021-04-12,18.7,18.26,18.86,18.22,10608651.0,196447640.67
2021-04-13,18.17,18.2,18.56,18.03,8630732.0,157555829.33
2021-04-14,18.45,18.28,18.73,18.22,9366253.0,172485822.57
2021-04-15,18.23,18.03,18.41,17.88,6992054.0,126271890.91
2021-04-16,18.07,18.12,18.27,18.02,6837831.0,123839298.02
2021-04-19,18.05,18.51,18.64,17.77,17809705.0,326892251.78
2021-04-20,18.38,18.01,18.39,17.97,12175764.0,220274298.57
2021-04-21,17.83,17.93,18.17,17.25,17349093.0,307105787.69
2021-04-22,18.05,18.37,18.59,17.92,17058199.0,312704879.3
2021-04-23,18.37,18.48,18.99,18.23,15629369.0,290849122.04
2021-04-26,18.75,18.55,18.99,18.47,13068077.0,244892866.74
2021-04-27,18.51,18.61,18.75,18.27,8689848.0,160886241.94
2021-04-28,17.44,16.75,17.66,16.75,26888646.0,453336119.96
2021-04-29,16.28,15.7,16.53,15.62,39078221.0,624356735.9
2021-04-30,15.75,15.7,15.89,15.48,18884780.0,295835517.96
2021-05-06,15.75,15.68,15.77,15.5,15578514.0,243464312.66
2021-05-07,15.62,15.29,15.73,15.18,17786647.0,274043713.8
2021-05-10,15.27,14.99,15.34,14.89,12752746.0,192006599.88
2021-05-11,15.09,15.08,15.09,14.73,11021007.0,164159711.58
2021-05-12,15.02,14.93,15.04,14.78,9878534.0,146892994.89
2021-05-13,14.79,14.83,14.97,14.78,8831742.0,131134087.43
2021-05-14,14.88,15.03,15.05,14.67,11934641.0,177676869.28
2021-05-17,15.36,15.07,15.48,15.04,13064516.0,198963325.29
2021-05-18,15.13,14.99,15.13,14.86,6874049.0,102845032.04
2021-05-19,14.99,15.33,15.45,14.86,14315863.0,218681089.85
2021-05-20,15.24,15.33,15.37,15.13,8890820.0,135809842.2
2021-05-21,15.37,14.92,15.41,14.88,11963316.0,180227520.19
2021-05-24,14.87,15.2,15.31,14.8,11045389.0,166607396.82
2021-05-25,15.18,15.4,15.44,15.06,13521055.0,206721709.27
2021-05-26,15.5,15.67,16.07,15.39,19846286.0,312210438.39
2021-05-27,15.53,15.85,16.04,15.49,14978235.0,236724949.74
2021-05-28,15.92,15.85,16.06,15.72,12152306.0,193117402.88
2021-05-31,15.84,15.97,16.06,15.73,9070915.0,144076765.82
2021-06-01,15.97,16.05,16.08,15.82,8977000.0,143425998.67
2021-06-02,16.0,15.66,16.0,15.56,12432332.0,195296299.51
2021-06-03,15.68,15.85,16.06,15.59,12163102.0,193121960.23
2021-06-04,15.82,15.75,15.95,15.56,8818014.0,138898945.82
2021-06-07,15.86,16.32,16.46,15.82,15121462.0,245175198.79
2021-06-08,16.4,16.14,16.5,16.05,8734397.0,141625898.54
2021-06-09,16.12,15.92,16.26,15.84,7701143.0,123149681.67
2021-06-10,15.92,15.9,16.02,15.81,7473730.0,118876822.4
2021-06-11,15.9,15.25,15.96,15.2,16289234.0,252001772.79
2021-06-15,15.25,15.45,15.54,15.03,10904346.0,166643540.44
2021-06-16,15.35,15.27,15.73,15.25,7808850.0,121106062.68
2021-06-17,15.32,15.59,15.6,15.2,8488544.0,130719708.28
2021-06-18,15.59,15.45,15.72,15.33,9114393.0,141027489.12
2021-06-21,15.37,15.99,16.04,15.31,16525032.0,262116943.09
2021-06-22,15.98,15.66,16.05,15.61,11464296.0,180506658.4
2021-06-23,15.68,16.79,17.03,15.66,33031245.0,544206625.73
2021-06-24,16.83,16.83,17.06,16.7,25942669.0,437967804.04
2021-06-25,16.82,16.73,16.97,16.37,20349656.0,339618320.9
2021-06-28,16.77,16.98,17.28,16.75,20252277.0,345538635.34
2021-06-29,17.3,16.67,17.38,16.58,18953035.0,320325767.14
2021-06-30,16.84,16.81,17.08,16.6,12043088.0,202633296.04
2021-07-01,16.92,16.22,16.93,16.19,13283344.0,218646483.48
2021-07-02,16.18,16.08,16.43,16.02,9808851.0,158997623.02
2021-07-05,16.05,16.43,16.46,16.05,9992655.0,162647525.42
2021-07-06,16.4,16.19,16.41,15.82,11562363.0,186526654.7
2021-07-07,16.07,16.09,16.21,15.74,9837866.0,157246812.85
2021-07-08,16.1,16.59,16.67,16.07,16570018.0,272261298.37
2021-07-09,16.5,16.3,16.56,16.05,14021319.0,227567938.56
2021-07-12,16.3,16.16,16.4,16.12,15153952.0,246233160.9
2021-07-13,16.11,15.16,16.11,15.15,32892118.0,506106284.75
2021-07-14,15.16,14.87,15.24,14.84,17017860.0,254354613.92
2021-07-15,14.75,14.61,14.88,14.28,16736092.0,243131549.89
2021-07-16,14.6,14.62,14.73,14.51,9437668.0,137876670.86
2021-07-19,14.55,14.68,14.72,14.31,9425948.0,136909306.36
2021-07-20,14.58,14.74,14.78,14.56,6521806.0,95798652.02
2021-07-21,14.7,14.53,14.84,14.5,11227081.0,164375920.68
2021-07-22,14.5,14.4,14.64,14.3,11610173.0,167711365.93
2021-07-23,14.44,14.05,14.5,14.01,13656938.0,193434852.64
2021-07-26,14.05,13.99,14.13,13.56,11888906.0,164848478.67
2021-07-27,13.98,14.05,14.38,13.85,12881031.0,182673107.2
2021-07-28,14.16,13.72,14.29,13.69,9844455.0,136232174.61
2021-07-29,13.74,13.81,13.95,13.74,7943202.0,109964267.29
2021-07-30,13.61,13.72,13.85,13.36,9206998.0,125328004.91
