date,open,close,high,low,volume,money
2015-05-29,4.21,4.21,4.21,4.21,38517.0,162208.0
2015-06-01,4.63,4.63,4.63,4.63,16025.0,74214.0
2015-06-02,5.09,5.09,5.09,5.09,9559.0,48688.0
2015-06-03,5.6,5.6,5.6,5.6,37392.0,209475.0
2015-06-04,6.16,6.16,6.16,6.16,27271.0,168101.0
2015-06-05,6.78,6.78,6.78,6.78,39642.0,268746.0
2015-06-08,7.46,7.46,7.46,7.46,39923.0,297774.0
2015-06-09,8.21,8.21,8.21,8.21,60868.0,499466.0
2015-06-10,9.03,9.03,9.03,9.03,87015.0,785511.0
2015-06-11,9.93,9.93,9.93,9.93,66772.0,663100.0
2015-06-12,10.92,10.92,10.92,10.92,120612.0,1317459.0
2015-06-15,12.02,12.02,12.02,12.02,202701.0,2435470.0
2015-06-16,13.22,13.22,13.22,13.22,640732.0,8468764.0
2015-06-17,14.54,14.54,14.54,13.37,87114055.0,1241008000.0
2015-06-18,13.4,13.09,13.94,13.09,25639417.0,342749504.0
2015-06-19,11.78,11.78,12.46,11.78,39570616.0,470214176.0
2015-06-23,11.27,10.83,11.78,10.6,37960301.0,420389440.0
2015-06-24,11.03,10.71,11.38,10.31,38932026.0,422429312.0
2015-06-25,10.6,9.83,10.61,9.7,29958093.0,307009280.0
2015-06-26,9.53,8.85,9.54,8.85,21983319.0,198631984.0
2015-06-29,9.03,7.97,9.03,7.97,23571171.0,194960944.0
2015-06-30,7.75,8.68,8.75,7.17,30160670.0,240018496.0
2015-07-01,8.24,8.24,9.1,8.18,30193463.0,262085456.0
2015-07-02,8.31,7.42,8.36,7.42,21143431.0,165804848.0
2015-07-03,7.12,6.71,7.63,6.68,19219199.0,133606328.0
2015-07-06,7.38,7.38,7.38,6.89,35839705.0,261675600.0
2015-07-07,6.76,6.64,7.22,6.64,17231288.0,117631320.0
2015-07-08,5.98,5.98,5.98,5.98,3608793.0,21577316.0
2015-07-09,5.38,6.58,6.58,5.38,22829898.0,141402960.0
2015-07-10,6.76,7.23,7.23,6.62,8846631.0,62705192.0
2015-07-13,7.95,7.96,7.96,7.67,17875891.0,141389568.0
2015-07-14,8.18,8.2,8.68,7.96,42119839.0,350758528.0
2015-07-15,7.86,7.38,8.01,7.38,18326805.0,138972448.0
2015-07-16,6.73,7.22,7.71,6.65,19933597.0,143767744.0
2015-07-17,7.27,7.68,7.82,7.17,15405676.0,115775064.0
2015-07-20,7.66,7.65,7.92,7.47,18060801.0,138862880.0
2015-07-21,7.54,8.22,8.31,7.38,22684430.0,177557936.0
2015-07-22,8.07,8.42,8.68,8.02,31754808.0,267627904.0
2015-07-23,8.39,9.26,9.26,8.11,39744415.0,352848128.0
2015-07-24,9.5,9.03,9.82,8.83,49267768.0,463189856.0
2015-07-27,8.54,8.12,9.21,8.12,24725864.0,215015408.0
2015-07-28,7.33,7.32,8.24,7.31,24982075.0,188655280.0
2015-07-29,7.59,8.06,8.06,7.4,22206212.0,170880880.0
2015-07-30,8.15,8.22,8.79,8.06,29814973.0,251818272.0
2015-07-31,7.9,9.04,9.04,7.86,39002965.0,340561824.0
2015-08-03,9.34,9.95,9.95,9.14,61623075.0,597554496.0
2015-08-04,10.21,9.53,10.72,8.95,65367133.0,630833408.0
2015-08-05,9.02,10.49,10.49,9.02,40305364.0,407166048.0
2015-08-06,11.1,11.53,11.53,10.43,84196382.0,947901440.0
2015-08-07,10.67,11.49,12.52,10.67,71740379.0,822388352.0
2015-08-10,11.2,11.6,11.92,11.03,57846280.0,664147520.0
2015-08-11,11.39,12.03,12.63,11.36,57100090.0,682726080.0
2015-08-12,11.74,10.87,11.92,10.85,46636054.0,529629088.0
2015-08-13,10.49,10.65,10.96,10.15,33511474.0,352885728.0
2015-08-14,10.76,10.9,11.2,10.46,31406417.0,340381216.0
2015-08-17,10.61,10.27,10.65,10.17,25038068.0,258618752.0
2015-08-18,10.3,9.33,10.84,9.24,25788042.0,263420800.0
2015-08-19,9.12,9.7,9.78,8.54,24643991.0,229675824.0
2015-08-20,9.52,9.18,9.75,9.14,16590769.0,156395264.0
2015-08-21,8.82,8.27,9.06,8.26,15908542.0,137732432.0
2015-08-24,7.9,7.44,7.95,7.44,9728089.0,73129616.0
2015-08-25,6.7,6.7,7.82,6.7,22945578.0,161032592.0
2015-08-26,6.95,7.37,7.37,6.76,35031907.0,251739872.0
2015-08-27,7.49,7.85,7.88,6.98,33742959.0,252773104.0
2015-08-28,7.75,8.17,8.39,7.55,31862234.0,251504240.0
2015-08-31,7.99,7.35,7.99,7.35,17912963.0,138460608.0
2015-09-01,7.13,6.62,7.33,6.62,20062750.0,138229168.0
2015-09-02,6.19,6.27,7.06,6.13,17442161.0,115429392.0
2015-09-07,6.48,6.51,6.76,6.3,12507573.0,81987800.0
2015-09-08,6.35,7.16,7.16,6.35,25964996.0,181566448.0
2015-09-09,7.39,7.47,7.67,7.2,32070457.0,238577312.0
2015-09-10,7.11,7.5,7.88,6.97,26424361.0,198987936.0
2015-09-11,7.67,8.25,8.25,7.67,23391445.0,188628672.0
2015-09-14,8.82,7.51,9.07,7.42,52558601.0,445503168.0
2015-09-15,6.96,7.38,7.96,6.76,36869499.0,262622928.0
2015-09-16,7.47,8.12,8.12,7.36,38272342.0,298873696.0
2015-09-17,8.18,7.72,8.36,7.65,37555003.0,299794208.0
2015-09-18,7.76,7.81,8.0,7.36,22618752.0,173198800.0
2015-09-21,7.58,8.24,8.27,7.46,24418574.0,196091616.0
2015-09-22,8.18,9.06,9.06,8.18,33158959.0,289485248.0
2015-09-23,9.03,9.38,9.85,8.9,44172763.0,411335360.0
2015-09-24,9.38,9.38,9.38,9.38,0.0,0.0
2015-09-25,9.38,9.38,9.38,9.38,0.0,0.0
2015-09-28,9.38,9.38,9.38,9.38,0.0,0.0
2015-09-29,9.38,9.38,9.38,9.38,0.0,0.0
2015-09-30,9.38,9.38,9.38,9.38,0.0,0.0
2015-10-08,9.38,9.38,9.38,9.38,0.0,0.0
2015-10-09,9.38,9.38,9.38,9.38,0.0,0.0
2015-10-12,9.38,9.38,9.38,9.38,0.0,0.0
2015-10-13,9.38,9.38,9.38,9.38,0.0,0.0
2015-10-14,9.38,9.38,9.38,9.38,0.0,0.0
2015-10-15,9.38,9.38,9.38,9.38,0.0,0.0
2015-10-16,9.38,9.38,9.38,9.38,0.0,0.0
2015-10-19,10.32,10.32,10.32,10.32,924209.0,9536428.0
2015-10-20,11.35,11.35,11.35,11.35,3042938.0,34537248.0
2015-10-21,11.84,11.07,12.05,10.85,49410894.0,567798720.0
2015-10-22,10.85,11.25,11.37,10.71,34306705.0,380093376.0
2015-10-23,11.09,11.6,12.37,10.92,35589460.0,420666464.0
2015-10-26,11.38,10.63,11.49,10.44,26951023.0,291074464.0
2015-10-27,10.59,10.48,10.67,9.77,20032055.0,205461200.0
2015-10-28,10.48,9.93,10.48,9.78,13637452.0,138411376.0
2015-10-29,9.94,10.05,10.31,9.78,10795972.0,108725120.0
2015-10-30,9.96,10.06,10.17,9.57,11982549.0,118393016.0
2015-11-02,9.82,10.23,10.6,9.77,16042199.0,165297552.0
2015-11-03,10.13,10.32,10.45,9.88,12964751.0,132529256.0
2015-11-04,10.37,10.79,11.02,10.32,17876288.0,190854976.0
2015-11-05,10.93,10.66,11.38,10.6,22428399.0,246279440.0
2015-11-06,10.49,11.0,11.13,10.46,17752392.0,192415680.0
2015-11-09,10.85,11.09,11.31,10.58,20817926.0,229465632.0
2015-11-10,10.99,10.87,11.46,10.81,18889032.0,209393328.0
2015-11-11,10.81,11.96,11.96,10.62,29098820.0,326852416.0
2015-11-12,12.09,12.49,12.83,11.86,39487768.0,487842656.0
2015-11-13,12.04,11.25,12.29,11.24,27461174.0,318136640.0
2015-11-16,10.91,11.29,11.35,10.59,13649060.0,150904720.0
2015-11-17,11.42,10.91,11.62,10.85,14599821.0,164094000.0
2015-11-18,10.82,10.31,10.98,10.24,14574307.0,153745888.0
2015-11-19,10.31,10.73,10.78,10.31,10311596.0,108590520.0
2015-11-20,10.71,10.68,10.84,10.54,9969380.0,106318736.0
2015-11-23,10.68,10.73,11.1,10.53,10392080.0,112506168.0
2015-11-24,10.68,11.27,11.34,10.67,14543746.0,160563216.0
2015-11-25,11.28,11.29,11.65,11.17,16100872.0,183864272.0
2015-11-26,11.29,12.41,12.41,11.29,28529063.0,337688352.0
2015-11-27,12.45,12.06,13.04,12.03,39277952.0,492329440.0
2015-11-30,11.88,13.26,13.26,11.56,38446585.0,486758720.0
2015-12-01,13.84,12.82,13.96,11.94,44592025.0,585774947.0
2015-12-02,12.52,11.89,12.52,11.56,20329935.0,242305040.0
2015-12-03,11.92,12.68,12.85,11.92,21881831.0,272630774.0
2015-12-04,12.4,12.84,13.25,12.19,23797721.0,302464320.0
2015-12-07,12.83,12.7,12.96,12.45,13228575.0,167548054.0
2015-12-08,12.7,12.09,12.84,12.02,16802798.0,207293168.0
2015-12-09,11.99,12.22,12.63,11.43,15430718.0,184835210.0
2015-12-10,12.09,12.34,12.89,11.95,21256368.0,266601584.0
2015-12-11,12.08,12.41,12.76,11.72,18777049.0,230271456.0
2015-12-14,12.13,13.65,13.65,11.73,30991415.0,412410272.0
2015-12-15,13.37,13.89,14.06,13.24,24928008.0,341710080.0
2015-12-16,13.78,14.38,15.15,13.69,22076988.0,315968832.0
2015-12-17,14.43,14.74,15.08,14.12,20180022.0,294550528.0
2015-12-18,14.58,15.19,15.81,14.19,21830429.0,324487104.0
2015-12-21,15.3,15.04,15.93,14.95,15182485.0,234285168.0
2015-12-22,14.65,16.55,16.55,14.64,20742643.0,328496684.0
2015-12-23,16.58,17.05,17.77,16.21,18770779.0,316691232.0
2015-12-24,17.17,17.25,18.1,16.54,13932087.0,242294208.0
2015-12-25,17.07,18.33,18.4,17.07,15857602.0,282237363.0
2015-12-28,18.4,16.5,18.67,16.5,16213170.0,285499297.0
2015-12-29,16.06,17.16,17.25,16.06,13983464.0,236519464.0
2015-12-30,17.18,17.38,17.71,16.6,10701642.0,184606881.0
2015-12-31,17.47,17.12,17.57,16.95,7113454.0,122758443.0
2016-01-04,16.82,16.54,17.67,15.85,8251295.0,137922047.0
2016-01-05,15.96,17.78,18.02,15.65,15091686.0,256319778.0
2016-01-06,17.61,19.56,19.56,17.49,19433523.0,363201453.0
2016-01-07,18.9,17.6,19.46,17.6,4278753.0,78403357.0
2016-01-08,18.32,18.78,19.19,15.9,13840670.0,255626224.0
2016-01-11,18.35,16.9,18.78,16.9,11458634.0,202855067.0
2016-01-12,16.78,16.54,17.61,15.21,12970573.0,210313838.0
2016-01-13,16.65,16.07,17.07,15.83,8524887.0,141558716.0
2016-01-14,15.12,16.26,16.67,14.94,8904389.0,142067860.0
2016-01-15,16.62,15.03,16.62,14.63,9257503.0,144659354.0
2016-01-18,14.87,15.18,15.86,14.41,7616383.0,116116739.0
2016-01-19,15.57,15.86,15.96,15.19,5689359.0,89474566.0
2016-01-20,15.9,16.9,16.93,15.65,10150199.0,167815816.0
2016-01-21,16.58,15.21,17.36,15.21,15149951.0,252059609.0
2016-01-22,15.79,15.65,16.14,13.83,18110418.0,274707547.0
2016-01-25,15.51,15.66,15.93,15.13,10289653.0,160607181.0
2016-01-26,15.39,14.38,15.64,14.16,9272950.0,137646703.0
2016-01-27,14.48,12.95,14.48,12.95,11480867.0,152329199.0
2016-01-28,12.73,11.65,12.73,11.65,8891926.0,105282011.0
2016-01-29,11.37,11.56,12.24,10.49,13749739.0,153689833.0
2016-02-01,11.38,10.65,11.62,10.64,10239710.0,114705940.0
2016-02-02,10.6,11.0,11.34,10.6,6508059.0,71820940.0
2016-02-03,10.92,11.29,11.44,10.56,6707670.0,74336231.0
2016-02-04,11.34,11.61,11.84,11.34,6382688.0,74153899.0
2016-02-05,11.73,11.02,11.81,10.99,6289553.0,71614022.0
2016-02-15,10.78,11.45,11.55,10.49,6364388.0,71458644.0
2016-02-16,11.49,12.46,12.59,11.48,9867728.0,118792053.0
2016-02-17,12.27,12.37,12.67,11.92,8926147.0,110211191.0
2016-02-18,12.43,12.16,12.56,12.14,7510087.0,92849093.0
2016-02-19,12.15,12.14,12.26,11.95,6300762.0,76252241.0
2016-02-22,12.34,12.33,12.45,12.06,8631838.0,105752678.0
2016-02-23,12.4,12.06,12.43,11.84,6529859.0,79126460.0
2016-02-24,12.06,12.27,12.44,11.84,7010971.0,85588429.0
2016-02-25,12.29,11.04,12.32,11.04,6166163.0,71475232.0
2016-02-26,11.03,10.68,11.29,10.27,5596311.0,60338104.0
2016-02-29,10.68,9.61,10.68,9.61,8643463.0,85123819.0
2016-03-01,9.64,9.82,9.86,9.25,6058076.0,58166047.0
2016-03-02,9.82,10.44,10.74,9.71,6140728.0,62620590.0
2016-03-03,10.53,10.63,11.09,10.44,6533273.0,70294337.0
2016-03-04,10.46,9.86,10.56,9.75,5583001.0,56563456.0
2016-03-07,9.82,10.16,10.31,9.82,3554953.0,36112086.0
2016-03-08,10.3,10.17,10.31,9.61,3860795.0,38413446.0
2016-03-09,9.89,9.96,10.09,9.71,4032294.0,39983049.0
2016-03-10,9.97,9.74,10.06,9.68,3747547.0,37138292.0
2016-03-11,9.64,9.69,9.9,9.57,4092642.0,39716655.0
2016-03-14,9.72,10.04,10.2,9.72,7735144.0,77580085.0
2016-03-15,9.96,10.1,10.39,9.96,6808284.0,69138294.0
2016-03-16,10.12,9.9,10.3,9.85,4516133.0,45379545.0
2016-03-17,9.96,10.21,10.23,9.8,9698948.0,97817143.0
2016-03-18,10.27,10.83,10.85,10.27,11535561.0,122645048.0
2016-03-21,10.97,11.2,11.37,10.96,10720411.0,119386635.0
2016-03-22,11.08,10.92,11.08,10.81,8680229.0,94939380.0
2016-03-23,10.92,11.16,11.27,10.82,9142177.0,101260804.0
2016-03-24,11.15,11.43,11.73,10.86,14515202.0,165069483.0
2016-03-25,11.38,11.18,11.5,10.99,9198657.0,103467122.0
2016-03-28,11.33,10.89,11.34,10.85,8205671.0,91139730.0
2016-03-29,10.88,10.57,10.88,10.49,6759654.0,71696213.0
2016-03-30,10.67,11.14,11.16,10.57,8958746.0,96904937.0
2016-03-31,11.2,11.0,11.63,10.99,12374287.0,139585839.0
2016-04-01,10.93,10.82,10.97,10.63,7174553.0,77108438.0
2016-04-05,10.85,11.29,11.37,10.85,10337954.0,115709409.0
2016-04-06,11.31,12.0,12.24,11.27,16499664.0,194481681.0
2016-04-07,12.18,12.53,13.15,12.18,27088709.0,342917945.0
2016-04-08,12.31,13.78,13.78,12.24,23952866.0,313441161.0
2016-04-11,14.09,13.88,14.41,13.37,30548078.0,425129267.0
2016-04-12,13.92,13.27,13.94,13.12,17414466.0,233473099.0
2016-04-13,13.12,13.25,13.86,13.12,15998804.0,216194943.0
2016-04-14,13.17,13.5,13.73,13.16,14096305.0,189324701.0
2016-04-15,13.38,13.17,13.5,13.09,10002105.0,132128440.0
2016-04-18,13.12,12.63,13.12,12.47,12706945.0,160483022.0
2016-04-19,12.8,12.85,12.93,12.7,8291353.0,106479749.0
2016-04-20,12.88,11.76,12.98,11.59,13463377.0,163308751.0
2016-04-21,11.76,11.29,11.9,11.18,9520333.0,110306835.0
2016-04-22,11.09,11.49,11.54,11.03,7029600.0,79711030.0
2016-04-25,11.49,11.13,11.49,10.88,6498529.0,72517210.0
2016-04-26,11.2,12.25,12.25,11.09,12047947.0,140363276.0
2016-04-27,12.25,12.19,12.59,11.93,14138758.0,173105876.0
2016-04-28,12.24,12.36,12.62,11.94,14854565.0,183553709.0
2016-04-29,12.36,11.96,12.51,11.92,11699652.0,142270867.0
2016-05-03,11.97,12.18,12.23,11.56,9915082.0,119101343.0
2016-05-04,12.19,12.04,12.19,11.92,8721282.0,105171052.0
2016-05-05,11.93,12.0,12.02,11.74,8591353.0,102462993.0
2016-05-06,12.0,12.17,12.51,12.0,20958895.0,257635816.0
2016-05-09,12.17,11.15,12.17,11.07,11036740.0,125797621.0
2016-05-10,11.06,11.1,11.31,10.88,6607431.0,73422557.0
2016-05-11,11.24,10.91,11.29,10.84,5239893.0,57731737.0
2016-05-12,10.71,10.72,10.88,10.35,5748217.0,61050980.0
2016-05-13,10.81,10.76,11.02,10.61,5079980.0,54994914.0
2016-05-16,10.83,10.86,10.88,10.53,5626601.0,60199669.0
2016-05-17,10.64,10.66,10.81,10.51,8291460.0,88171231.0
2016-05-18,10.56,9.83,10.63,9.7,8437400.0,85399220.0
2016-05-19,9.87,9.85,10.12,9.81,5986997.0,59684737.0
2016-05-20,9.64,9.95,9.96,9.64,5907461.0,57769957.0
2016-05-23,9.99,10.28,10.49,9.99,8035853.0,82569004.0
2016-05-24,10.23,9.97,10.24,9.94,6198411.0,62260518.0
2016-05-25,9.89,9.85,10.09,9.73,7319118.0,72657516.0
2016-05-26,9.87,9.8,9.97,9.57,6427216.0,62241251.0
2016-05-27,9.8,9.89,10.12,9.71,7718481.0,76811690.0
2016-05-30,9.8,9.92,10.13,9.58,6689289.0,66433621.0
2016-05-31,9.89,10.36,10.39,9.89,16482123.0,169541199.0
2016-06-01,10.39,10.3,10.49,10.24,14181450.0,146995058.0
2016-06-02,10.27,10.96,11.1,10.21,16667311.0,178046481.0
2016-06-03,11.14,11.11,11.47,10.99,21811241.0,244077922.0
2016-06-06,11.2,10.91,11.38,10.8,13647545.0,148833031.0
2016-06-07,10.92,11.55,11.61,10.83,19902365.0,222932118.0
2016-06-08,11.56,11.16,11.58,11.12,16455335.0,185113944.0
2016-06-13,11.11,10.44,11.54,10.26,6134583.0,68682435.0
2016-06-14,9.97,9.9,10.17,9.62,10602224.0,105420271.0
2016-06-15,9.67,10.26,10.45,9.65,10862595.0,110373750.0
2016-06-16,10.37,9.99,10.38,9.9,8993203.0,90644200.0
2016-06-17,9.99,10.0,10.22,9.83,6655084.0,67072071.0
2016-06-20,9.97,10.3,10.54,9.7,11894956.0,120872989.0
2016-06-21,10.16,10.01,10.3,9.9,9729264.0,98184959.0
2016-06-22,10.01,10.03,10.07,9.87,5631476.0,56174672.0
2016-06-23,10.03,9.92,10.2,9.85,5490183.0,54662581.0
2016-06-24,9.9,9.85,10.0,9.59,7887396.0,77342275.0
2016-06-27,9.85,10.1,10.14,9.85,6568938.0,66065563.0
2016-06-28,10.05,10.22,10.4,9.92,10013507.0,101681587.0
2016-06-29,10.32,10.42,10.67,10.18,14362535.0,149567455.0
2016-06-30,10.29,10.2,10.42,10.15,8405431.0,85947778.0
2016-07-01,10.27,10.07,10.27,10.0,6002059.0,60762899.0
2016-07-04,9.97,10.21,10.31,9.89,7108549.0,72455505.0
2016-07-05,10.26,10.16,10.26,9.97,11041706.0,111505498.0
2016-07-06,10.16,10.25,10.27,10.02,9620304.0,97789427.0
2016-07-07,10.25,10.12,10.32,10.02,11768367.0,118939850.0
2016-07-08,10.09,10.01,10.12,9.97,11452655.0,114715173.0
2016-07-11,9.87,9.83,9.96,9.8,16254093.0,160602592.0
2016-07-12,9.9,10.07,10.21,9.67,14951921.0,147589942.0
2016-07-13,10.11,10.27,10.32,9.95,30657300.0,309959734.0
2016-07-14,10.15,10.1,10.21,10.02,21887519.0,221079654.0
2016-07-15,10.17,10.1,10.24,10.07,14300376.0,144944484.0
2016-07-18,10.09,9.87,10.09,9.83,16930579.0,167630699.0
2016-07-19,9.9,9.9,9.91,9.75,10776296.0,105681604.0
2016-07-20,9.97,9.88,9.97,9.83,10070017.0,99636990.0
2016-07-21,9.94,9.91,9.97,9.86,10622708.0,105171705.0
2016-07-22,9.95,9.84,9.95,9.79,10298295.0,101233989.0
2016-07-25,9.84,9.77,9.84,9.7,8492394.0,82909872.0
2016-07-26,9.8,9.82,9.83,9.75,9386259.0,91837014.0
2016-07-27,9.82,9.13,9.82,9.06,26418517.0,249376211.0
2016-07-28,9.03,8.86,9.1,8.76,13766563.0,122952272.0
2016-07-29,8.91,8.89,9.01,8.85,7536739.0,67175081.0
2016-08-01,8.87,8.51,8.87,8.41,11256337.0,96167634.0
2016-08-02,8.49,8.57,8.58,8.49,5718575.0,48864554.0
2016-08-03,8.54,8.49,8.56,8.48,6600256.0,56159520.0
2016-08-04,8.49,8.63,8.68,8.37,10827166.0,92563679.0
2016-08-05,8.55,8.45,8.58,8.44,9775693.0,83130209.0
2016-08-08,8.46,8.62,8.66,8.36,11470348.0,98022655.0
2016-08-09,8.61,8.77,8.79,8.56,10759406.0,93882580.0
2016-08-10,8.76,8.67,8.78,8.66,9320074.0,81178997.0
2016-08-11,8.71,8.66,8.84,8.65,8510145.0,74272016.0
2016-08-12,8.63,8.73,8.74,8.56,6976968.0,60309389.0
2016-08-15,8.7,8.98,9.09,8.68,17173867.0,152948148.0
2016-08-16,9.01,9.1,9.26,8.91,17128298.0,154278264.0
2016-08-17,9.07,9.0,9.09,8.98,8519373.0,76852382.0
2016-08-18,8.98,8.92,9.06,8.88,8587854.0,76957707.0
2016-08-19,8.92,8.81,8.94,8.75,9463448.0,83224418.0
2016-08-22,8.8,8.68,8.89,8.68,7481338.0,65502517.0
2016-08-23,8.7,8.74,8.75,8.66,6785386.0,59104721.0
2016-08-24,8.76,8.72,8.8,8.69,6524574.0,57032991.0
2016-08-25,8.61,8.54,8.61,8.41,8810483.0,74802638.0
2016-08-26,8.54,9.39,9.39,8.53,28529123.0,261051604.0
2016-08-29,9.4,9.15,9.58,9.11,39608052.0,370656433.0
2016-08-30,9.3,9.1,9.3,8.96,19984219.0,180980404.0
2016-08-31,9.11,9.11,9.32,9.02,18497559.0,168869020.0
2016-09-01,9.15,8.83,9.17,8.81,15017490.0,134883498.0
2016-09-02,8.66,8.77,8.88,8.66,9436649.0,82878824.0
2016-09-05,8.76,8.77,8.87,8.72,7450231.0,65469239.0
2016-09-06,8.79,9.28,9.3,8.7,27157082.0,246326373.0
2016-09-07,9.26,9.08,9.26,9.05,16193316.0,147998834.0
2016-09-08,9.09,9.2,9.33,9.06,15126610.0,139222326.0
2016-09-09,9.28,9.05,9.29,9.03,12989475.0,118665094.0
2016-09-12,8.83,8.79,9.01,8.76,11644643.0,103079549.0
2016-09-13,8.83,8.88,9.01,8.83,6801297.0,60569919.0
2016-09-14,8.86,8.81,8.94,8.76,7459009.0,65928803.0
2016-09-19,8.83,9.01,9.03,8.83,7350172.0,65868859.0
2016-09-20,9.03,9.01,9.08,8.91,6362281.0,57184652.0
2016-09-21,9.01,9.07,9.18,8.96,10016683.0,90810077.0
2016-09-22,9.1,9.03,9.17,9.01,8246415.0,74835643.0
2016-09-23,9.03,8.88,9.13,8.88,7607651.0,68131695.0
2016-09-26,8.8,8.71,8.92,8.7,10662628.0,93820539.0
2016-09-27,8.69,8.77,8.78,8.59,7999195.0,69594797.0
2016-09-28,8.76,8.82,8.98,8.72,6192174.0,54804360.0
2016-09-29,8.83,9.13,9.25,8.83,24143306.0,219181366.0
2016-09-30,9.14,9.14,9.17,9.06,10873289.0,99106361.0
2016-10-10,9.13,9.35,9.54,9.08,19810909.0,184004373.0
2016-10-11,9.3,9.48,9.53,9.27,21945086.0,206859216.0
2016-10-12,9.4,9.44,9.52,9.34,12662067.0,119371396.0
2016-10-13,9.48,9.47,9.53,9.36,13146156.0,124082907.0
2016-10-14,9.43,9.33,9.54,9.28,10664127.0,99978349.0
2016-10-17,9.34,9.26,9.51,9.19,11095923.0,103973000.0
2016-10-18,9.23,9.39,9.4,9.23,8267336.0,77267609.0
2016-10-19,9.4,9.38,9.45,9.28,9070042.0,84946189.0
2016-10-20,9.38,9.38,9.38,9.38,0.0,0.0
2016-10-21,9.38,9.38,9.38,9.38,0.0,0.0
2016-10-24,9.38,9.38,9.38,9.38,0.0,0.0
2016-10-25,9.38,9.38,9.38,9.38,0.0,0.0
2016-10-26,9.38,9.38,9.38,9.38,0.0,0.0
2016-10-27,9.38,9.38,9.38,9.38,0.0,0.0
2016-10-28,9.38,9.38,9.38,9.38,0.0,0.0
2016-10-31,9.38,9.38,9.38,9.38,0.0,0.0
2016-11-01,9.38,9.38,9.38,9.38,0.0,0.0
2016-11-02,9.77,9.45,9.97,9.3,39333204.0,378612198.0
2016-11-03,9.19,9.24,9.33,9.09,22586888.0,208006330.0
2016-11-04,9.13,9.17,9.3,9.07,12153188.0,111393988.0
2016-11-07,9.16,9.27,9.33,9.05,10343144.0,95527598.0
2016-11-08,9.26,9.23,9.3,9.18,7888259.0,72750835.0
2016-11-09,9.23,9.04,9.23,8.96,13018972.0,118520161.0
2016-11-10,9.13,9.18,9.25,9.06,10421315.0,95720416.0
2016-11-11,9.18,9.4,9.62,9.09,19677035.0,184605066.0
2016-11-14,9.36,9.33,9.4,9.28,12953928.0,120873085.0
2016-11-15,9.31,9.44,9.45,9.3,12397684.0,116523832.0
2016-11-16,9.46,10.39,10.39,9.43,48362877.0,479245811.0
2016-11-17,10.4,11.43,11.43,10.26,136023992.0,1512436897.0
2016-11-18,11.3,11.05,11.61,10.96,120987941.0,1365897209.0
2016-11-21,11.05,12.15,12.15,10.91,133834386.0,1585658967.0
2016-11-22,11.93,12.0,12.75,11.41,104300012.0,1251115706.0
2016-11-23,11.75,11.31,11.95,11.06,90852027.0,1041191994.0
2016-11-24,11.25,10.89,11.3,10.72,79077423.0,871530047.0
2016-11-25,10.69,10.78,10.86,10.41,46736219.0,499106618.0
2016-11-28,10.73,10.19,10.86,10.13,82661707.0,865163611.0
2016-11-29,10.17,10.07,10.33,9.97,43838963.0,444154990.0
2016-11-30,10.07,10.13,10.23,10.05,28324779.0,287067189.0
2016-12-01,10.11,10.23,10.26,10.05,25753854.0,261518889.0
2016-12-02,10.21,10.1,10.42,9.99,31621449.0,322989948.0
2016-12-05,9.83,9.79,10.1,9.72,24832609.0,245487274.0
2016-12-06,9.84,9.97,10.03,9.78,18860698.0,186731760.0
2016-12-07,9.96,10.12,10.17,9.77,24401776.0,243922872.0
2016-12-08,10.07,10.32,10.39,10.0,34970920.0,356051215.0
2016-12-09,10.19,10.15,10.37,10.12,24489952.0,250522827.0
2016-12-12,10.12,9.14,10.18,9.14,34246786.0,328886787.0
2016-12-13,8.95,9.29,9.37,8.87,21574076.0,197333215.0
2016-12-14,9.29,9.41,9.56,9.28,22096996.0,207924952.0
2016-12-15,9.4,9.58,9.87,9.37,18046812.0,174208543.0
2016-12-16,9.52,9.7,9.8,9.52,15259747.0,147815067.0
2016-12-19,10.05,10.54,10.63,10.05,85234371.0,885239905.0
2016-12-20,10.36,10.52,10.54,10.24,60365824.0,629512657.0
2016-12-21,10.51,11.31,11.53,10.51,132310603.0,1457560006.0
2016-12-22,11.33,11.73,11.98,11.33,82278529.0,967114710.0
2016-12-23,11.72,11.49,11.87,11.04,54005943.0,623267159.0
2016-12-26,11.51,11.54,11.88,11.33,49908384.0,576013933.0
2016-12-27,11.43,11.48,11.58,11.05,54488636.0,619673302.0
2016-12-28,11.44,11.51,11.74,11.33,37787874.0,436583363.0
2016-12-29,11.33,11.16,11.46,11.11,46170152.0,521559723.0
2016-12-30,11.51,11.84,11.88,11.48,88148975.0,1029510165.0
2017-01-03,11.68,11.66,11.74,11.47,30935441.0,359487378.0
2017-01-04,11.66,11.78,11.81,11.62,35543512.0,415762611.0
2017-01-05,11.63,11.89,11.93,11.63,38240140.0,450863227.0
2017-01-06,11.88,12.1,12.28,11.72,81482406.0,978975797.0
2017-01-09,12.18,12.18,12.4,11.97,89043385.0,1082270086.0
2017-01-10,12.18,13.06,13.4,12.18,86510240.0,1114566037.0
2017-01-11,12.86,13.07,13.24,12.7,59917755.0,776637674.0
2017-01-12,13.07,13.34,14.01,13.04,104922449.0,1430593555.0
2017-01-13,13.29,12.83,13.29,12.47,39196787.0,507334354.0
2017-01-16,12.86,13.19,13.24,11.79,48831976.0,629352239.0
2017-01-17,13.04,13.2,13.33,12.01,51051404.0,652528160.0
2017-01-18,13.18,13.68,13.75,13.18,64569693.0,872735296.0
2017-01-19,13.47,13.3,13.53,13.1,46025540.0,610467693.0
2017-01-20,13.17,13.44,13.68,13.09,47510100.0,632585094.0
2017-01-23,13.61,14.12,14.21,13.61,62479326.0,876488672.0
2017-01-24,14.03,13.86,14.12,13.62,43570526.0,602020426.0
2017-01-25,13.86,13.54,13.86,13.48,25651960.0,350168144.0
2017-01-26,13.61,13.71,13.89,13.32,28106339.0,383981355.0
2017-02-03,13.69,13.66,13.75,13.54,12405804.0,168798201.0
2017-02-06,13.66,13.69,13.75,13.31,19408349.0,264992318.0
2017-02-07,13.71,14.18,14.31,13.64,56297191.0,785513951.0
2017-02-08,14.15,14.89,14.96,14.15,46261782.0,672633967.0
2017-02-09,14.96,15.58,15.65,14.71,36336426.0,555461885.0
2017-02-10,15.55,15.62,15.79,15.43,45470313.0,708411453.0
2017-02-13,15.7,16.17,16.24,15.68,35950935.0,578055375.0
2017-02-14,16.24,16.58,16.74,15.96,32169432.0,528433879.0
2017-02-15,16.58,16.31,16.86,16.24,25223540.0,417438626.0
2017-02-16,16.48,17.33,17.38,16.46,43501589.0,739079091.0
2017-02-17,17.42,17.08,17.6,17.03,39101884.0,677993114.0
2017-02-20,17.1,17.03,17.38,16.7,35126552.0,596649598.0
2017-02-21,16.9,17.03,17.31,16.9,24215685.0,412445000.0
2017-02-22,17.03,17.02,17.1,16.57,28391538.0,480516364.0
2017-02-23,17.03,16.64,17.05,15.87,32388783.0,535452770.0
2017-02-24,16.67,16.51,16.84,16.26,28819801.0,474763739.0
2017-02-27,16.51,16.17,16.51,15.91,26718390.0,431276281.0
2017-02-28,16.24,14.55,16.37,14.55,26110528.0,397668284.0
2017-03-01,13.09,13.09,13.09,13.09,20530691.0,268842422.0
2017-03-02,11.78,12.82,13.89,11.78,246969560.0,3015715610.0
2017-03-03,11.76,11.61,12.21,11.54,191548864.0,2262867326.0
2017-03-06,11.26,11.46,11.59,11.1,107186305.0,1212400892.0
2017-03-07,11.33,11.41,11.59,11.3,67351182.0,770443790.0
2017-03-08,11.41,11.44,11.53,11.26,58446484.0,665159931.0
2017-03-09,11.43,11.17,11.43,11.14,49441974.0,556941324.0
2017-03-10,11.16,11.19,11.29,11.12,34539962.0,386829834.0
2017-03-13,11.2,11.04,11.21,10.86,48304087.0,530598309.0
2017-03-14,11.0,11.32,11.36,10.86,77035989.0,857981574.0
2017-03-15,11.19,11.15,11.31,11.13,37870378.0,424275878.0
2017-03-16,11.18,11.36,11.46,11.11,58245419.0,658968537.0
2017-03-17,11.29,11.5,11.74,11.26,81715674.0,942141449.0
2017-03-20,11.43,11.46,11.61,11.28,50039959.0,571562241.0
2017-03-21,11.47,12.01,12.2,11.34,117220812.0,1393558766.0
2017-03-22,11.9,11.95,12.1,11.73,86004043.0,1023013422.0
2017-03-23,11.83,11.65,12.1,11.41,64526052.0,761452898.0
2017-03-24,11.63,11.5,11.76,11.41,43578826.0,502062495.0
2017-03-27,11.41,11.32,11.54,11.13,42677572.0,482617908.0
2017-03-28,11.32,11.39,11.46,11.14,33584886.0,380334773.0
2017-03-29,11.33,11.37,11.65,11.29,38245638.0,438635650.0
2017-03-30,11.26,10.56,11.27,10.54,54514574.0,593048111.0
2017-03-31,10.56,10.24,10.74,10.12,41778979.0,432741207.0
2017-04-05,10.24,10.5,10.68,10.24,35957494.0,376734817.0
2017-04-06,10.54,10.62,10.75,10.41,31398996.0,331937864.0
2017-04-07,10.57,10.47,10.67,10.44,21428977.0,225448141.0
2017-04-10,10.39,10.07,10.47,9.97,33748387.0,342822663.0
2017-04-11,10.05,10.17,10.17,9.83,32143581.0,320577318.0
2017-04-12,10.12,9.91,10.15,9.87,18001432.0,179880253.0
2017-04-13,9.87,9.95,10.03,9.86,13079682.0,129996926.0
2017-04-14,9.95,9.55,9.95,9.55,24458382.0,236949345.0
2017-04-17,9.52,9.14,9.52,9.08,23410509.0,216462971.0
2017-04-18,9.08,8.98,9.21,8.93,14778774.0,134325677.0
2017-04-19,8.95,9.28,9.33,8.63,31372375.0,280998501.0
2017-04-20,9.19,9.16,9.39,9.06,18321376.0,168811217.0
2017-04-21,9.14,9.18,9.31,9.12,13716510.0,126359090.0
2017-04-24,9.14,8.82,9.15,8.75,15309329.0,136157349.0
2017-04-25,8.78,8.84,8.93,8.73,12474863.0,110117264.0
2017-04-26,8.84,8.83,8.9,8.76,11170754.0,98596226.0
2017-04-27,8.84,9.02,9.1,8.56,23527367.0,207389472.0
2017-04-28,9.01,9.3,9.39,8.92,26296822.0,241850235.0
2017-05-02,9.3,9.25,9.44,9.15,16176608.0,150149924.0
2017-05-03,9.23,9.28,9.3,9.12,14872860.0,136925599.0
2017-05-04,9.23,9.1,9.3,9.06,13273770.0,121963532.0
2017-05-05,9.14,8.84,9.14,8.83,13869640.0,124622218.0
2017-05-08,8.78,8.65,8.83,8.63,13235487.0,115481672.0
2017-05-09,8.61,8.79,8.8,8.58,10328866.0,90120036.0
2017-05-10,8.79,8.63,8.94,8.62,13673052.0,120406400.0
2017-05-11,8.55,8.37,8.58,7.92,21757833.0,180870278.0
2017-05-12,8.34,8.39,8.41,8.2,11505868.0,95858005.0
2017-05-15,8.39,8.23,8.44,8.12,12042900.0,99714149.0
2017-05-16,8.19,8.34,8.36,8.04,14795652.0,121331804.0
2017-05-17,8.34,8.42,8.6,8.3,17024590.0,143869921.0
2017-05-18,8.31,8.49,8.53,8.26,13063302.0,110085533.0
2017-05-19,8.48,8.38,8.52,8.3,10994050.0,92141270.0
2017-05-22,8.35,8.04,8.35,7.97,15050318.0,122122416.0
2017-05-23,8.13,7.92,8.32,7.73,17251524.0,138392041.0
2017-05-24,7.83,7.94,7.94,7.65,12048598.0,94042499.0
2017-05-25,7.88,7.92,8.01,7.74,12551147.0,99116476.0
2017-05-26,7.92,7.85,7.98,7.84,8433875.0,66554518.0
2017-05-31,7.96,7.83,8.01,7.83,8485273.0,67225748.0
2017-06-01,7.79,7.42,7.79,7.37,15216820.0,115325236.0
2017-06-02,7.38,7.51,7.57,7.32,10384762.0,77574643.0
2017-06-05,7.51,7.54,7.62,7.51,7415083.0,55994224.0
2017-06-06,7.54,7.59,7.59,7.49,8097656.0,61132671.0
2017-06-07,7.59,8.04,8.26,7.56,24467086.0,193304580.0
2017-06-08,7.97,8.05,8.13,7.93,15145169.0,121665524.0
2017-06-09,8.04,8.05,8.14,7.94,11646606.0,93462786.0
2017-06-12,8.04,7.8,8.05,7.79,10846317.0,85590562.0
2017-06-13,7.74,7.93,7.99,7.74,9368358.0,74178962.0
2017-06-14,7.93,8.21,8.32,7.87,28036169.0,229034701.0
2017-06-15,8.16,8.48,8.75,8.14,33402656.0,281545514.0
2017-06-16,8.49,8.34,8.52,8.31,18106580.0,151633303.0
2017-06-19,8.34,8.35,8.44,8.3,10508041.0,87781870.0
2017-06-20,8.36,8.27,8.51,8.26,14143627.0,118726283.0
2017-06-21,8.34,8.27,8.34,8.14,12667622.0,103991619.0
2017-06-22,8.23,8.06,8.32,8.04,13293255.0,109099232.0
2017-06-23,8.06,8.09,8.16,7.88,13815872.0,110584589.0
2017-06-26,8.06,8.14,8.16,8.03,9996206.0,81098446.0
2017-06-27,8.24,8.31,8.54,8.17,20188171.0,169366202.0
2017-06-28,8.21,8.15,8.23,8.11,11181561.0,91199301.0
2017-06-29,8.1,8.14,8.25,8.1,7188668.0,58821971.0
2017-06-30,8.12,8.09,8.12,7.94,8719987.0,70158464.0
2017-07-03,8.09,8.14,8.14,8.03,6500172.0,52660573.0
2017-07-04,8.16,8.08,8.16,8.05,5954003.0,48157731.0
2017-07-05,8.09,8.14,8.15,8.01,8556642.0,69301170.0
2017-07-06,8.18,8.29,8.35,8.16,18974223.0,156999091.0
2017-07-07,8.29,8.42,8.5,8.19,17118189.0,143460311.0
2017-07-10,8.4,8.29,8.4,8.25,11928550.0,99378425.0
2017-07-11,8.23,8.09,8.31,8.08,10781508.0,88290649.0
2017-07-12,8.06,7.97,8.12,7.76,13370809.0,105930591.0
2017-07-13,7.95,8.24,8.44,7.89,18694767.0,152977209.0
2017-07-14,8.21,8.08,8.21,8.05,10746953.0,87105899.0
2017-07-17,8.02,7.37,8.02,7.29,21039817.0,160753412.0
2017-07-18,7.36,7.5,7.55,7.29,8990892.0,66840760.0
2017-07-19,7.48,7.62,7.7,7.39,10119717.0,76355134.0
2017-07-20,7.62,7.7,7.85,7.55,12727921.0,97969471.0
2017-07-21,7.68,7.55,7.68,7.52,9127525.0,69345326.0
2017-07-24,7.55,7.65,7.7,7.47,9995243.0,76041070.0
2017-07-25,7.65,7.55,7.65,7.52,7065327.0,53482614.0
2017-07-26,7.5,7.54,7.58,7.37,8915650.0,66519985.0
2017-07-27,7.5,7.67,7.7,7.43,10932235.0,83023040.0
2017-07-28,7.65,7.67,7.76,7.62,10119444.0,77738155.0
2017-07-31,7.61,7.78,7.82,7.61,11220665.0,87092428.0
2017-08-01,7.82,7.82,8.02,7.72,17011558.0,134050046.0
2017-08-02,7.8,8.61,8.61,7.79,58437405.0,486513117.0
2017-08-03,8.78,8.73,9.13,8.67,83986463.0,744224728.0
2017-08-04,8.61,8.71,8.99,8.47,48964827.0,428650057.0
2017-08-07,8.58,8.64,8.82,8.52,25976844.0,224697486.0
2017-08-08,8.68,8.47,8.76,8.38,28073072.0,238436958.0
2017-08-09,8.4,8.49,8.51,8.29,21350364.0,179160417.0
2017-08-10,8.52,8.26,8.56,8.18,24722947.0,205297761.0
2017-08-11,8.14,8.09,8.22,8.06,14629442.0,118948984.0
2017-08-14,8.12,8.33,8.43,8.1,17525409.0,145303056.0
2017-08-15,8.29,8.35,8.47,8.19,15890064.0,132294951.0
2017-08-16,8.3,8.35,8.4,8.23,13253112.0,110237630.0
2017-08-17,8.38,8.52,8.55,8.25,23220241.0,195409949.0
2017-08-18,8.42,8.34,8.52,8.33,16375568.0,137968434.0
2017-08-21,8.33,8.5,8.56,8.3,18296042.0,154523138.0
2017-08-22,8.5,8.39,8.69,8.37,19555683.0,166617853.0
2017-08-23,8.34,8.15,8.41,8.12,17190362.0,141288405.0
2017-08-24,8.15,8.1,8.22,8.04,10482111.0,85179384.0
2017-08-25,8.1,8.15,8.25,8.05,9874963.0,80592984.0
2017-08-28,8.22,8.27,8.34,8.15,13186862.0,108991658.0
2017-08-29,8.3,8.2,8.36,8.17,10915724.0,89898342.0
2017-08-30,8.24,8.22,8.35,8.18,11670716.0,96363055.0
2017-08-31,8.25,8.17,8.25,8.13,9560804.0,78144259.0
2017-09-01,8.16,8.22,8.3,8.15,11800164.0,97141612.0
2017-09-04,8.22,8.36,8.42,8.19,17322468.0,144082621.0
2017-09-05,8.34,8.35,8.42,8.28,11933110.0,99537233.0
2017-09-06,8.35,8.26,8.36,8.18,12305079.0,101529079.0
2017-09-07,8.26,8.49,8.55,8.2,30997280.0,260444375.0
2017-09-08,8.45,8.45,8.66,8.37,25625995.0,218223706.0
2017-09-11,8.45,8.52,8.6,8.39,16831841.0,143017055.0
2017-09-12,8.48,8.32,8.49,8.3,18166432.0,152298759.0
2017-09-13,8.29,8.31,8.32,8.2,11126476.0,91789540.0
2017-09-14,8.32,8.22,8.33,8.2,9500174.0,78335562.0
2017-09-15,8.27,8.53,8.65,8.27,36132675.0,305933970.0
2017-09-18,8.56,8.55,8.56,8.4,21828223.0,185042876.0
2017-09-19,8.52,8.75,8.79,8.46,36494446.0,315868677.0
2017-09-20,8.7,8.75,8.85,8.62,26738459.0,233595478.0
2017-09-21,8.75,8.52,8.88,8.52,23160968.0,201497726.0
2017-09-22,8.49,8.39,8.49,8.37,14205433.0,119521069.0
2017-09-25,8.34,8.27,8.46,8.24,9136902.0,76414333.0
2017-09-26,8.3,8.41,8.49,8.23,10703001.0,89544767.0
2017-09-27,8.43,8.35,8.49,8.32,9393663.0,78872063.0
2017-09-28,8.31,8.2,8.37,8.2,11998169.0,99128666.0
2017-09-29,8.21,8.25,8.31,8.21,6725462.0,55524672.0
2017-10-09,8.38,8.3,8.38,8.28,6758284.0,56214430.0
2017-10-10,8.28,8.41,8.43,8.24,10144173.0,84422953.0
2017-10-11,8.38,8.59,8.66,8.37,25293566.0,216320460.0
2017-10-12,8.57,8.62,8.63,8.47,16716414.0,143031460.0
2017-10-13,8.61,8.55,8.69,8.52,12307041.0,105642213.0
2017-10-16,8.52,8.32,8.6,8.26,13606555.0,114412324.0
2017-10-17,8.28,8.32,8.38,8.25,8574598.0,71319718.0
2017-10-18,8.35,7.98,8.36,7.97,14272683.0,116539371.0
2017-10-19,7.94,7.74,7.99,7.67,14896326.0,116249642.0
2017-10-20,7.75,8.0,8.02,7.75,9788086.0,77047715.0
2017-10-23,7.97,8.24,8.26,7.93,14393272.0,117573855.0
2017-10-24,8.38,8.37,8.42,8.17,16148576.0,134084112.0
2017-10-25,8.42,8.74,8.76,8.35,33400723.0,287006978.0
2017-10-26,8.93,8.62,9.1,8.56,94882275.0,839300858.0
2017-10-27,8.4,8.13,8.4,8.07,40365120.0,331198953.0
2017-10-30,8.01,7.92,8.12,7.75,21117088.0,166999393.0
2017-10-31,7.87,8.12,8.12,7.87,14409582.0,115309054.0
2017-11-01,8.09,7.96,8.11,7.95,11371265.0,91027810.0
2017-11-02,7.97,7.93,7.98,7.8,10758985.0,84656841.0
2017-11-03,7.8,7.8,7.88,7.72,10628156.0,82885350.0
2017-11-06,7.81,7.97,7.99,7.81,8522270.0,67431310.0
2017-11-07,7.95,7.95,7.99,7.87,8217131.0,65054797.0
2017-11-08,7.94,7.9,7.97,7.86,11645328.0,92264014.0
2017-11-09,7.87,7.87,7.94,7.8,9213623.0,72323787.0
2017-11-10,7.84,7.8,7.88,7.77,8811810.0,68772878.0
2017-11-13,7.8,7.76,7.82,7.65,11403773.0,88169151.0
2017-11-14,7.75,7.54,7.76,7.54,12289971.0,93621084.0
2017-11-15,7.54,7.54,7.65,7.52,6502608.0,49305901.0
2017-11-16,7.53,7.44,7.6,7.43,7206803.0,54063157.0
2017-11-17,7.46,7.22,7.48,7.06,14645065.0,105848769.0
2017-11-20,7.2,7.2,7.21,6.94,8759195.0,61883573.0
2017-11-21,7.17,7.21,7.25,7.12,6513525.0,46800508.0
2017-11-22,7.2,7.21,7.22,7.05,7222896.0,51581099.0
2017-11-23,7.21,7.2,7.23,7.06,8047583.0,57453592.0
2017-11-24,7.18,7.21,7.25,7.11,5647134.0,40643696.0
2017-11-27,7.22,7.2,7.25,7.09,5497115.0,39338357.0
2017-11-28,7.15,7.2,7.22,7.1,5257305.0,37665047.0
2017-11-29,7.17,7.2,7.2,7.12,5573804.0,39960159.0
2017-11-30,7.19,7.2,7.32,7.15,10110681.0,73277037.0
2017-12-01,7.2,7.21,7.22,7.13,10555367.0,75630883.0
2017-12-04,7.21,7.15,7.22,7.11,6550189.0,46903761.0
2017-12-05,7.13,6.67,7.14,6.43,10472801.0,72329824.0
2017-12-06,6.64,6.55,6.66,6.42,10876454.0,70743895.0
2017-12-07,6.5,6.45,6.54,6.43,5869080.0,37974164.0
2017-12-08,6.47,6.53,6.57,6.45,5740896.0,37495602.0
2017-12-11,6.51,6.54,6.57,6.49,3796803.0,24787418.0
2017-12-12,6.55,6.37,6.55,6.35,5515727.0,35662792.0
2017-12-13,6.37,6.35,6.4,6.27,6027500.0,38170596.0
2017-12-14,6.34,6.3,6.35,6.29,4896478.0,30886467.0
2017-12-15,6.32,6.3,6.35,6.29,3886647.0,24518538.0
2017-12-18,6.3,6.12,6.33,6.07,8060737.0,49850905.0
2017-12-19,6.11,6.2,6.21,6.09,5482701.0,33887327.0
2017-12-20,6.2,5.98,6.2,5.97,7825389.0,47413354.0
2017-12-21,6.0,5.83,6.02,5.76,8831104.0,51690189.0
2017-12-22,5.86,5.87,5.91,5.83,6473955.0,38074302.0
2017-12-25,5.83,5.63,5.87,5.62,9491275.0,54011012.0
2017-12-26,5.59,5.71,5.75,5.59,8059356.0,45585386.0
2017-12-27,5.7,5.67,5.77,5.66,7259002.0,41428750.0
2017-12-28,5.71,5.81,5.9,5.66,11733464.0,68346151.0
2017-12-29,5.79,5.81,5.86,5.77,8723999.0,50596994.0
2018-01-02,5.81,5.83,5.85,5.79,5829727.0,33995642.0
2018-01-03,5.84,5.91,6.0,5.8,8941892.0,52738304.0
2018-01-04,5.91,5.85,5.92,5.84,7514652.0,44157550.0
2018-01-05,5.85,5.86,5.89,5.82,5670365.0,33258081.0
2018-01-08,5.87,5.8,5.87,5.77,6639885.0,38518854.0
2018-01-09,5.79,5.85,5.89,5.78,8121604.0,47402294.0
2018-01-10,5.82,5.72,5.85,5.68,8449640.0,48640822.0
2018-01-11,5.73,5.79,5.8,5.69,5369582.0,30907829.0
2018-01-12,5.77,5.72,5.79,5.72,4995278.0,28696775.0
2018-01-15,5.72,5.57,5.73,5.55,7427687.0,41832345.0
2018-01-16,5.57,5.6,5.65,5.54,4621545.0,25844366.0
2018-01-17,5.61,6.16,6.16,5.54,27108424.0,161144414.0
2018-01-18,6.17,6.0,6.28,5.96,30339519.0,184470616.0
2018-01-19,5.9,6.23,6.5,5.86,34049376.0,208282801.0
2018-01-22,6.1,6.27,6.49,6.07,25786304.0,161454761.0
2018-01-23,6.25,6.12,6.33,6.11,15359259.0,95041083.0
2018-01-24,6.15,6.09,6.16,6.0,12577492.0,76159404.0
2018-01-25,6.05,6.05,6.11,6.01,10502819.0,63586281.0
2018-01-26,6.01,5.98,6.07,5.97,8374910.0,50442727.0
2018-01-29,5.97,6.0,6.1,5.95,9679042.0,58383327.0
2018-01-30,5.97,5.82,5.98,5.79,10236771.0,60227572.0
2018-01-31,5.81,5.68,5.81,5.64,11107697.0,63318804.0
2018-02-01,5.67,5.27,5.75,5.27,15781832.0,85916289.0
2018-02-02,5.27,5.41,5.46,5.01,14253790.0,74616541.0
2018-02-05,5.32,5.42,5.47,5.26,8289685.0,44367366.0
2018-02-06,5.32,5.08,5.37,4.88,11656302.0,60500459.0
2018-02-07,5.14,5.37,5.42,5.01,11677853.0,61015351.0
2018-02-08,5.34,5.37,5.42,5.27,7563240.0,40443497.0
2018-02-09,5.27,5.14,5.27,5.08,5977226.0,30946095.0
2018-02-12,5.14,5.17,5.23,5.14,9049024.0,46901148.0
2018-02-13,5.19,5.12,5.22,5.11,4833224.0,25013453.0
2018-02-14,5.12,5.1,5.18,5.04,3537081.0,18009148.0
2018-02-22,5.14,5.19,5.2,5.12,4314174.0,22357641.0
2018-02-23,5.21,5.2,5.22,5.17,4226989.0,21941703.0
2018-02-26,5.22,5.31,5.32,5.19,11116378.0,58507947.0
2018-02-27,5.31,5.36,5.41,5.27,9581607.0,51199862.0
2018-02-28,5.29,5.29,5.33,5.26,6793970.0,35985671.0
2018-03-01,5.27,5.36,5.37,5.25,7220800.0,38487189.0
2018-03-02,5.31,5.37,5.47,5.3,9215471.0,49677089.0
2018-03-05,5.37,5.35,5.42,5.3,6432156.0,34406960.0
2018-03-06,5.37,5.43,5.47,5.37,9570474.0,51892316.0
2018-03-07,5.45,5.34,5.45,5.33,6508737.0,35059388.0
2018-03-08,5.36,5.43,5.5,5.35,9613689.0,52389452.0
2018-03-09,5.49,5.52,5.55,5.41,12285865.0,67365867.0
2018-03-12,5.53,5.58,5.65,5.5,10934614.0,60882752.0
2018-03-13,5.58,5.55,5.6,5.52,8277565.0,46018729.0
2018-03-14,5.52,5.44,5.58,5.42,7532665.0,41468098.0
2018-03-15,5.43,5.35,5.48,5.29,8062263.0,43247436.0
2018-03-16,5.34,5.41,5.47,5.34,7288166.0,39425106.0
2018-03-19,5.4,5.44,5.53,5.35,7067139.0,38511411.0
2018-03-20,5.4,5.41,5.42,5.32,6264844.0,33647196.0
2018-03-21,5.4,5.41,5.52,5.38,8839767.0,48253625.0
2018-03-22,5.39,5.5,5.5,5.39,8917743.0,48685153.0
2018-03-23,5.4,4.95,5.4,4.94,16096268.0,82780827.0
2018-03-26,4.89,4.93,4.94,4.68,8064395.0,39019892.0
2018-03-27,4.97,5.05,5.12,4.97,7123930.0,36063756.0
2018-03-28,5.0,5.04,5.1,4.96,6225100.0,31492251.0
2018-03-29,5.02,5.19,5.35,5.02,9738478.0,50508270.0
2018-03-30,5.19,5.19,5.24,5.12,6519169.0,33809418.0
2018-04-02,5.17,5.22,5.26,5.17,6597378.0,34487503.0
2018-04-03,5.15,5.09,5.15,5.06,6523224.0,33233681.0
2018-04-04,5.13,5.09,5.21,5.09,5768814.0,29687469.0
2018-04-09,5.06,5.04,5.1,5.02,4931044.0,24916818.0
2018-04-10,5.04,5.07,5.07,5.01,4717910.0,23798201.0
2018-04-11,5.09,5.45,5.57,5.09,39684652.0,216395076.0
2018-04-12,5.32,5.58,5.64,5.29,41084342.0,227046747.0
2018-04-13,5.55,5.44,5.55,5.37,20297022.0,110720684.0
2018-04-16,5.4,5.27,5.43,5.23,12904037.0,68537149.0
2018-04-17,5.24,5.19,5.37,5.17,10000632.0,52814908.0
2018-04-18,5.24,5.22,5.28,5.09,8766052.0,45345968.0
2018-04-19,5.22,5.19,5.24,5.15,7046934.0,36592812.0
2018-04-20,5.19,5.02,5.19,5.02,8107788.0,41283237.0
2018-04-23,5.02,5.07,5.1,4.97,5602492.0,28238234.0
2018-04-24,5.08,5.14,5.15,5.07,5864461.0,30054053.0
2018-04-25,5.14,5.09,5.14,5.09,4389183.0,22403931.0
2018-04-26,4.97,4.94,5.04,4.94,8102440.0,40346122.0
2018-04-27,4.99,4.96,5.01,4.93,3844384.0,19090093.0
2018-05-02,4.96,4.89,5.0,4.84,4362034.0,21425279.0
2018-05-03,4.85,4.83,4.87,4.6,9068475.0,42860028.0
2018-05-04,4.79,4.74,4.84,4.73,5239380.0,25029562.0
2018-05-07,4.75,4.79,4.81,4.74,3570900.0,17095997.0
2018-05-08,4.81,4.88,4.92,4.8,5586119.0,27131101.0
2018-05-09,4.89,4.84,4.89,4.81,4615052.0,22375299.0
2018-05-10,4.8,4.9,4.92,4.79,6131422.0,29856719.0
2018-05-11,4.89,4.92,4.97,4.86,5553316.0,27267048.0
2018-05-14,4.91,4.85,4.96,4.84,3669595.0,17983858.0
2018-05-15,4.87,4.87,4.87,4.79,4265893.0,20575513.0
2018-05-16,4.82,4.76,4.84,4.72,4263374.0,20484679.0
2018-05-17,4.77,4.8,4.82,4.77,3208005.0,15380191.0
2018-05-18,4.82,4.82,4.83,4.75,2898087.0,13888498.0
2018-05-21,4.84,4.92,4.96,4.83,6050031.0,29675420.0
2018-05-22,4.92,4.92,4.93,4.87,4550762.0,22272889.0
2018-05-23,4.92,4.87,4.96,4.86,4361195.0,21405587.0
2018-05-24,4.85,4.92,4.98,4.8,7352134.0,36022227.0
2018-05-25,4.89,4.77,4.89,4.76,6909003.0,33398435.0
2018-05-28,4.78,4.66,4.78,4.64,5393137.0,25267061.0
2018-05-29,4.69,4.71,4.75,4.63,3743024.0,17632888.0
2018-05-30,4.67,4.76,4.97,4.62,9475565.0,45143374.0
2018-05-31,4.75,4.8,4.82,4.73,5421965.0,25929688.0
2018-06-01,4.77,4.72,4.79,4.68,4315153.0,20414691.0
2018-06-04,4.67,4.71,4.74,4.67,2398520.0,11282499.0
2018-06-05,4.68,4.73,4.74,4.68,3309520.0,15619972.0
2018-06-06,4.72,4.76,4.77,4.69,3503205.0,16634861.0
2018-06-07,4.75,4.72,4.8,4.72,3891545.0,18512788.0
2018-06-08,4.71,4.62,4.71,4.61,4133227.0,19205429.0
2018-06-11,4.63,4.6,4.67,4.57,2813984.0,12925106.0
2018-06-12,4.59,4.61,4.62,4.52,3715216.0,16991851.0
2018-06-13,4.62,4.56,4.62,4.5,3630690.0,16503631.0
2018-06-14,4.54,4.54,4.6,4.47,3398650.0,15440402.0
2018-06-15,4.56,4.31,4.57,4.3,6313544.0,28000266.0
2018-06-19,4.11,3.95,4.25,3.93,11716338.0,48025792.0
2018-06-20,3.89,3.97,4.04,3.85,8130849.0,32101171.0
2018-06-21,3.99,3.64,4.01,3.63,11761679.0,44775060.0
2018-06-22,3.64,3.62,3.69,3.55,10500985.0,38053747.0
2018-06-25,3.65,3.56,3.68,3.54,11205824.0,40250891.0
2018-06-26,3.52,3.58,3.6,3.44,7588009.0,26709895.0
2018-06-27,3.57,3.59,3.63,3.55,8807475.0,31600769.0
2018-06-28,3.57,3.61,3.64,3.56,7261227.0,26228216.0
2018-06-29,3.6,3.72,3.74,3.59,9881610.0,36301977.0
2018-07-02,3.73,3.72,3.74,3.68,6340819.0,23491408.0
2018-07-03,3.71,3.75,3.76,3.69,3751182.0,13987679.0
2018-07-04,3.74,3.78,3.79,3.71,5420986.0,20374480.0
2018-07-05,3.77,3.58,3.78,3.56,7723334.0,28379119.0
2018-07-06,3.59,3.55,3.64,3.41,9231084.0,32680221.0
2018-07-09,3.54,3.66,3.68,3.53,6780026.0,24503585.0
2018-07-10,3.7,3.63,3.7,3.61,4962691.0,18078944.0
2018-07-11,3.61,3.49,3.61,3.4,8415494.0,29450410.0
2018-07-12,3.47,3.57,3.6,3.47,5332542.0,18984329.0
2018-07-13,3.59,3.6,3.63,3.57,4632825.0,16644364.0
2018-07-16,3.59,3.57,3.62,3.56,2911661.0,10417515.0
2018-07-17,3.58,3.65,3.66,3.55,6446211.0,23341311.0
2018-07-18,3.65,3.67,3.7,3.63,4209216.0,15422139.0
2018-07-19,3.67,3.57,3.67,3.5,5829620.0,20829967.0
2018-07-20,3.56,3.67,3.74,3.54,7868315.0,28830340.0
2018-07-23,3.67,3.71,3.72,3.62,7033553.0,25927663.0
2018-07-24,3.71,3.79,3.8,3.69,10219363.0,38371173.0
2018-07-25,3.81,3.9,4.09,3.74,15111643.0,58695561.0
2018-07-26,3.82,3.85,3.89,3.8,9802752.0,37697220.0
2018-07-27,3.84,3.79,3.87,3.76,6271981.0,23858189.0
2018-07-30,3.77,3.73,3.79,3.7,6452508.0,24112157.0
2018-07-31,3.71,3.81,3.82,3.69,5450514.0,20624168.0
2018-08-01,3.8,3.7,3.84,3.68,5116609.0,19191406.0
2018-08-02,3.67,3.57,3.69,3.5,7497465.0,26910709.0
2018-08-03,3.59,3.53,3.63,3.52,5295457.0,18876516.0
2018-08-06,3.54,3.52,3.59,3.47,4031992.0,14205248.0
2018-08-07,3.5,3.62,3.62,3.49,3699543.0,13178280.0
2018-08-08,3.62,3.65,3.66,3.59,4597279.0,16683552.0
2018-08-09,3.64,3.71,3.88,3.61,11539869.0,42924120.0
2018-08-10,3.65,3.66,3.71,3.63,6181326.0,22621064.0
2018-08-13,3.61,3.64,3.64,3.55,3793333.0,13665188.0
2018-08-14,3.64,3.68,3.72,3.61,4618411.0,16953027.0
2018-08-15,3.67,3.61,3.69,3.61,4419971.0,16123643.0
2018-08-16,3.61,3.64,3.68,3.55,4336973.0,15738069.0
2018-08-17,3.65,3.59,3.68,3.58,3671694.0,13325628.0
2018-08-20,3.59,3.59,3.62,3.5,4071932.0,14488355.0
2018-08-21,3.57,3.61,3.63,3.54,2423819.0,8736479.0
2018-08-22,3.58,3.55,3.61,3.54,2693210.0,9611929.0
2018-08-23,3.58,3.56,3.59,3.54,1763846.0,6292471.0
2018-08-24,3.56,3.64,3.67,3.56,5960467.0,21609007.0
2018-08-27,3.66,3.69,3.69,3.64,4844419.0,17794709.0
2018-08-28,3.69,3.67,3.7,3.64,3236890.0,11856270.0
2018-08-29,3.65,3.62,3.65,3.62,2100130.0,7631286.0
2018-08-30,3.62,3.55,3.65,3.52,3650226.0,13055045.0
2018-08-31,3.54,3.56,3.58,3.53,2115104.0,7527823.0
2018-09-03,3.57,3.59,3.59,3.53,1887836.0,6724063.0
2018-09-04,3.58,3.63,3.64,3.56,3705451.0,13391570.0
2018-09-05,3.64,3.59,3.66,3.58,3141059.0,11388538.0
2018-09-06,3.55,3.59,3.62,3.55,2168282.0,7785911.0
2018-09-07,3.59,3.59,3.64,3.57,3048106.0,10993112.0
2018-09-10,3.59,3.59,3.61,3.57,2959718.0,10636679.0
2018-09-11,3.58,3.56,3.6,3.52,3916651.0,13962130.0
2018-09-12,3.54,3.55,3.58,3.54,2622399.0,9333799.0
2018-09-13,3.58,3.59,3.59,3.57,3116678.0,11158038.0
2018-09-14,3.59,3.67,3.67,3.58,9430209.0,34324219.0
2018-09-17,3.67,3.77,3.84,3.64,21070850.0,79149461.0
2018-09-18,3.69,3.76,3.77,3.69,12511202.0,46604097.0
2018-09-19,3.74,3.74,3.77,3.71,9239536.0,34507148.0
2018-09-20,3.78,3.7,3.78,3.69,6476633.0,24071299.0
2018-09-21,3.73,3.71,3.73,3.67,5998532.0,22207585.0
2018-09-25,3.69,3.67,3.71,3.67,4599378.0,16930349.0
2018-09-26,3.67,3.69,3.7,3.66,4823987.0,17775293.0
2018-09-27,3.69,3.64,3.69,3.64,6494211.0,23793860.0
2018-09-28,3.64,3.66,3.68,3.64,3047966.0,11165441.0
2018-10-08,3.63,3.55,3.64,3.54,4892630.0,17545406.0
2018-10-09,3.56,3.59,3.59,3.55,2074380.0,7411987.0
2018-10-10,3.57,3.57,3.6,3.55,1623343.0,5799826.0
2018-10-11,3.51,3.24,3.51,3.22,10130429.0,33470670.0
2018-10-12,3.24,3.19,3.24,2.99,6878356.0,21541558.0
2018-10-15,3.22,3.13,3.22,3.12,2721224.0,8682222.0
2018-10-16,3.2,3.18,3.36,3.16,4281802.0,13886614.0
2018-10-17,3.17,3.17,3.24,3.14,2452983.0,7794680.0
2018-10-18,3.15,3.07,3.18,3.06,4781349.0,14796265.0
2018-10-19,3.11,3.22,3.25,3.1,6124957.0,19571582.0
2018-10-22,3.19,3.39,3.44,3.18,10131888.0,33882798.0
2018-10-23,3.39,3.32,3.39,3.29,5526783.0,18435687.0
2018-10-24,3.29,3.36,3.47,3.29,6874297.0,23278153.0
2018-10-25,3.24,3.37,3.37,3.19,5313929.0,17468718.0
2018-10-26,3.39,3.35,3.45,3.33,3715149.0,12546195.0
2018-10-29,3.35,3.36,3.42,3.3,4697199.0,15857848.0
2018-10-30,3.39,3.44,3.47,3.34,5931499.0,20336162.0
2018-10-31,3.47,3.43,3.47,3.39,4803416.0,16512610.0
2018-11-01,3.45,3.5,3.7,3.44,12096600.0,43049426.0
2018-11-02,3.47,3.58,3.62,3.47,9124885.0,32482459.0
2018-11-05,3.58,3.7,3.71,3.57,10326165.0,37698638.0
2018-11-06,3.68,3.66,3.74,3.62,5992818.0,21993663.0
2018-11-07,3.69,3.65,3.7,3.62,5308298.0,19428186.0
2018-11-08,3.66,3.7,3.78,3.64,7941944.0,29519880.0
2018-11-09,3.7,3.64,3.72,3.62,4977225.0,18177110.0
2018-11-12,3.66,3.75,3.77,3.64,7765685.0,29021878.0
2018-11-13,3.74,3.87,3.92,3.69,14022356.0,53954213.0
2018-11-14,3.84,3.87,3.92,3.83,9969031.0,38693951.0
2018-11-15,3.83,3.89,3.91,3.83,5961167.0,23113782.0
2018-11-16,3.91,4.03,4.2,3.88,16935518.0,68377997.0
2018-11-19,4.04,4.06,4.07,3.97,9704372.0,39019984.0
2018-11-20,4.0,3.9,4.06,3.89,9333249.0,37097671.0
2018-11-21,3.84,4.02,4.04,3.83,7934255.0,31434743.0
2018-11-22,4.0,3.97,4.04,3.97,4397440.0,17549528.0
2018-11-23,4.04,3.8,4.04,3.78,7935908.0,30691523.0
2018-11-26,3.84,3.9,3.95,3.79,7106184.0,27760383.0
2018-11-27,3.94,3.87,4.0,3.84,6363014.0,24768469.0
2018-11-28,3.92,3.89,3.92,3.82,7019777.0,27271312.0
2018-11-29,3.92,3.79,3.97,3.76,6736733.0,26121286.0
2018-11-30,3.79,3.82,3.84,3.74,4862760.0,18454060.0
2018-12-03,3.89,4.03,4.07,3.89,10611378.0,42410028.0
2018-12-04,4.03,4.02,4.06,3.97,5747433.0,23017482.0
2018-12-05,3.93,3.95,3.98,3.92,4595320.0,18133971.0
2018-12-06,3.97,3.96,3.97,3.86,6693838.0,26189463.0
2018-12-07,4.0,3.89,4.04,3.89,6128567.0,24113187.0
2018-12-10,3.83,3.74,3.87,3.72,5345269.0,20251415.0
2018-12-11,3.77,3.87,3.89,3.75,5050764.0,19334340.0
2018-12-12,3.88,3.84,3.9,3.84,2742964.0,10623935.0
2018-12-13,3.85,3.85,3.9,3.84,3112631.0,12060559.0
2018-12-14,3.89,3.77,3.89,3.77,4085578.0,15621443.0
2018-12-17,3.75,3.79,3.81,3.74,2617640.0,9874840.0
2018-12-18,3.77,3.65,3.81,3.65,6337055.0,23582607.0
2018-12-19,3.67,3.67,3.71,3.67,3305065.0,12181525.0
2018-12-20,3.66,3.67,3.69,3.64,2449354.0,8991722.0
2018-12-21,3.67,3.66,3.68,3.62,2370081.0,8653995.0
2018-12-24,3.66,3.67,3.69,3.62,3186670.0,11650436.0
2018-12-25,3.67,3.54,3.68,3.48,4709903.0,16658480.0
2018-12-26,3.57,3.47,3.57,3.42,5775672.0,20153742.0
2018-12-27,3.5,3.4,3.54,3.4,5230589.0,18244839.0
2018-12-28,3.45,3.43,3.46,3.39,2876947.0,9853465.0
2019-01-02,3.47,3.48,3.52,3.42,4117509.0,14328870.0
2019-01-03,3.5,3.52,3.58,3.49,3540990.0,12540709.0
2019-01-04,3.5,3.62,3.64,3.47,4914346.0,17569904.0
2019-01-07,3.62,3.67,3.7,3.6,5382743.0,19716620.0
2019-01-08,3.67,3.74,3.75,3.63,5761865.0,21442721.0
2019-01-09,3.75,3.72,3.77,3.72,3738767.0,13981000.0
2019-01-10,3.71,3.71,3.75,3.69,3393766.0,12610821.0
2019-01-11,3.69,3.75,3.76,3.69,3848266.0,14364862.0
2019-01-14,3.74,3.73,3.77,3.71,3298679.0,12322636.0
2019-01-15,3.73,3.77,3.78,3.73,3327134.0,12510604.0
2019-01-16,3.78,3.75,3.79,3.74,3443347.0,12930308.0
2019-01-17,3.69,3.52,3.69,3.47,13715634.0,48673564.0
2019-01-18,3.48,3.46,3.52,3.43,8579492.0,29801178.0
2019-01-21,3.46,3.5,3.52,3.43,5323400.0,18591028.0
2019-01-22,3.53,3.44,3.53,3.44,4496143.0,15624428.0
2019-01-23,3.43,3.44,3.46,3.42,2901377.0,9962340.0
2019-01-24,3.44,3.37,3.44,3.32,5251383.0,17730699.0
2019-01-25,3.39,3.34,3.4,3.34,3789807.0,12754325.0
2019-01-28,3.29,3.29,3.38,3.29,5668271.0,18735808.0
2019-01-29,3.29,3.15,3.29,3.13,6601891.0,20959740.0
2019-01-30,3.17,3.19,3.24,3.14,3820799.0,12236146.0
2019-01-31,3.16,3.01,3.16,2.99,9435153.0,28842260.0
2019-02-01,3.01,3.1,3.12,2.99,4366541.0,13412523.0
2019-02-11,3.12,3.24,3.26,3.12,4630261.0,14850549.0
2019-02-12,3.23,3.27,3.29,3.23,3577512.0,11707386.0
2019-02-13,3.29,3.3,3.32,3.26,4145175.0,13683895.0
2019-02-14,3.3,3.33,3.35,3.29,4923767.0,16358565.0
2019-02-15,3.32,3.34,3.39,3.3,5605747.0,18746696.0
2019-02-18,3.34,3.43,3.46,3.34,7738977.0,26432578.0
2019-02-19,3.45,3.49,3.59,3.42,15736457.0,55221545.0
2019-02-20,3.54,3.47,3.57,3.44,10249008.0,35661670.0
2019-02-21,3.48,3.56,3.64,3.47,16477721.0,58819738.0
2019-02-22,3.52,3.72,3.74,3.48,20622547.0,74389319.0
2019-02-25,3.79,4.07,4.08,3.72,33402738.0,129939329.0
2019-02-26,4.0,4.07,4.27,3.89,39848628.0,162836600.0
2019-02-27,4.05,4.07,4.19,3.92,25872408.0,105305635.0
2019-02-28,4.0,3.97,4.04,3.94,14027267.0,55947484.0
2019-03-01,3.97,3.99,4.0,3.89,13081339.0,51585523.0
2019-03-04,4.05,4.02,4.09,3.98,19951836.0,80486853.0
2019-03-05,4.02,4.07,4.07,3.94,17728921.0,71336859.0
2019-03-06,4.07,4.35,4.4,4.07,27926887.0,118377098.0
2019-03-07,4.35,4.29,4.39,4.22,27878744.0,119557312.0
2019-03-08,4.2,4.15,4.34,4.14,19766747.0,83970826.0
2019-03-11,4.14,4.34,4.37,4.14,15083142.0,64424251.0
2019-03-12,4.77,4.77,4.77,4.77,5119898.0,24439114.0
2019-03-13,5.25,5.25,5.25,5.25,7787880.0,40902919.0
2019-03-14,5.11,4.84,5.12,4.79,38127592.0,187874172.0
2019-03-15,4.82,5.06,5.33,4.8,39944260.0,203721541.0
2019-03-18,5.0,5.03,5.21,4.83,25728877.0,128406880.0
2019-03-19,4.88,4.96,5.02,4.87,14069214.0,69639234.0
2019-03-20,4.94,5.17,5.3,4.9,22806755.0,115631853.0
2019-03-21,5.13,5.4,5.5,5.13,33718263.0,180858238.0
2019-03-22,5.29,5.32,5.4,5.22,20542240.0,108946099.0
2019-03-25,5.2,5.31,5.47,5.15,18802651.0,100704930.0
2019-03-26,5.36,5.2,5.5,5.16,18009625.0,96152643.0
2019-03-27,5.2,5.09,5.33,4.9,18447648.0,94190578.0
2019-03-28,5.13,5.27,5.35,5.11,19712338.0,103345954.0
2019-03-29,5.32,5.23,5.32,5.04,18547212.0,95669808.0
2019-04-01,5.29,5.55,5.6,5.24,24689270.0,134090602.0
2019-04-02,5.6,5.86,5.92,5.44,33705501.0,192443317.0
2019-04-03,5.86,6.09,6.13,5.77,27010064.0,162681342.0
2019-04-04,6.1,6.06,6.2,6.04,18933324.0,115622359.0
2019-04-08,6.12,6.08,6.19,5.85,17670298.0,106191932.0
2019-04-09,6.08,6.11,6.15,5.92,11591616.0,69960813.0
2019-04-10,6.11,6.69,6.72,6.05,30572357.0,199720687.0
2019-04-11,6.67,6.61,6.92,6.57,21866055.0,146568248.0
2019-04-12,6.83,7.0,7.23,6.7,32589109.0,226131711.0
2019-04-15,6.86,7.45,7.5,6.86,29306186.0,211892361.0
2019-04-16,7.4,8.19,8.19,7.27,38198730.0,303398266.0
2019-04-17,8.2,7.79,8.48,7.42,59347588.0,471462619.0
2019-04-18,7.5,7.13,7.56,7.08,34964162.0,254315382.0
2019-04-19,7.07,7.5,7.57,7.03,30872120.0,227043010.0
2019-04-22,7.49,7.64,7.85,7.37,21770568.0,167122401.0
2019-04-23,7.57,7.48,7.92,7.3,22501212.0,171139676.0
2019-04-24,7.43,7.27,7.62,7.17,16591660.0,122775397.0
2019-04-25,7.39,7.0,7.56,6.95,19508440.0,141812592.0
2019-04-26,7.07,7.05,7.11,6.85,16844748.0,117548584.0
2019-04-29,7.08,6.87,7.11,6.84,16757377.0,116734699.0
2019-04-30,6.88,7.1,7.1,6.88,11793225.0,83006011.0
2019-05-06,6.94,6.4,6.94,6.4,22243718.0,143916411.0
2019-05-07,6.42,6.57,6.64,6.32,10782789.0,70128422.0
2019-05-08,6.42,6.57,6.66,6.25,9547756.0,62232305.0
2019-05-09,6.45,6.51,6.62,6.45,6746854.0,44256096.0
2019-05-10,6.6,6.87,6.9,6.42,14208435.0,96213014.0
2019-05-13,6.77,7.18,7.47,6.7,12400865.0,88688794.0
2019-05-14,7.09,7.29,7.54,7.07,11595295.0,84836717.0
2019-05-15,7.3,7.31,7.4,7.21,8887184.0,64680526.0
2019-05-16,7.35,7.16,7.35,7.16,7606061.0,54851553.0
2019-05-17,7.13,6.93,7.27,6.85,8301160.0,59001527.0
2019-05-20,6.99,6.97,7.04,6.66,6023079.0,41331191.0
2019-05-21,7.0,6.99,7.05,6.9,4924435.0,34399136.0
2019-05-22,7.03,6.64,7.03,6.6,7150880.0,48379380.0
2019-05-23,6.51,6.65,6.79,6.5,7264777.0,48491628.0
2019-05-24,6.66,6.2,6.66,5.99,12651026.0,79151927.0
2019-05-27,6.22,6.65,6.72,6.22,11383375.0,73821714.0
2019-05-28,6.73,6.4,6.83,6.33,9475206.0,61798426.0
2019-05-29,6.5,6.42,6.53,6.4,6133300.0,39664977.0
2019-05-30,6.39,6.32,6.47,6.26,5795422.0,36782804.0
2019-05-31,6.4,6.25,6.53,6.22,5169212.0,32940100.0
2019-06-03,6.31,6.07,6.4,6.06,5008153.0,30933234.0
2019-06-04,6.12,5.9,6.15,5.87,4905419.0,29115866.0
2019-06-05,5.95,5.85,6.06,5.8,5493616.0,32422101.0
2019-06-06,5.86,5.59,5.9,5.39,8285647.0,46783164.0
2019-06-10,5.62,5.65,5.75,5.47,7505967.0,42279524.0
2019-06-11,5.71,5.85,5.86,5.61,6699753.0,38513227.0
2019-06-12,5.86,5.79,5.86,5.77,3493648.0,20305663.0
2019-06-13,5.81,5.81,5.85,5.63,3945209.0,22659742.0
2019-06-14,5.85,5.6,5.85,5.6,3984757.0,22830360.0
2019-06-17,5.65,5.72,5.85,5.65,5563588.0,32048874.0
2019-06-18,5.82,5.65,5.82,5.62,2902865.0,16450007.0
2019-06-19,5.77,5.78,5.9,5.74,6000628.0,34919059.0
2019-06-20,5.8,5.93,6.03,5.62,9843736.0,57770206.0
2019-06-21,5.97,5.94,6.06,5.93,8405991.0,50182301.0
2019-06-24,5.94,5.89,6.04,5.86,6810063.0,40435139.0
2019-06-25,5.91,5.82,5.96,5.73,5334705.0,31222217.0
2019-06-26,5.8,5.88,5.99,5.78,4268205.0,25216644.0
2019-06-27,5.93,5.85,5.93,5.79,5641385.0,33010067.0
2019-06-28,5.82,5.7,5.86,5.66,4575028.0,26175725.0
2019-07-01,5.76,5.97,5.99,5.76,8225981.0,48589960.0
2019-07-02,5.97,5.87,5.97,5.82,7265102.0,42707218.0
2019-07-03,5.93,5.79,5.93,5.74,4933441.0,28709628.0
2019-07-04,5.79,5.72,5.88,5.71,4164654.0,24052978.0
2019-07-05,5.79,5.74,5.8,5.69,3324405.0,19073923.0
2019-07-08,5.71,5.45,5.73,5.27,7094689.0,38805140.0
2019-07-09,5.45,5.46,5.57,5.4,3328497.0,18207520.0
2019-07-10,5.45,5.38,5.52,5.35,2937918.0,15948984.0
2019-07-11,5.43,5.3,5.46,5.22,6516682.0,34726417.0
2019-07-12,5.32,5.28,5.42,5.13,6874027.0,36171853.0
2019-07-15,5.29,5.42,5.47,5.22,5486796.0,29370312.0
2019-07-16,5.4,5.4,5.44,5.32,2912717.0,15654977.0
2019-07-17,5.4,5.34,5.52,5.31,4081308.0,21999527.0
2019-07-18,5.29,5.27,5.41,5.23,4465581.0,23678247.0
2019-07-19,5.32,5.26,5.39,5.22,4349672.0,23042439.0
2019-07-22,5.27,5.18,5.32,5.07,4520706.0,23309609.0
2019-07-23,5.12,5.15,5.19,5.11,4714857.0,24202901.0
2019-07-24,5.18,5.18,5.23,5.12,3369966.0,17459614.0
2019-07-25,5.18,5.16,5.23,5.14,3172528.0,16464614.0
2019-07-26,5.18,5.22,5.22,5.12,3230732.0,16699820.0
2019-07-29,5.22,5.14,5.22,5.12,3808288.0,19585735.0
2019-07-30,5.21,5.66,5.66,5.16,16370130.0,90783771.0
2019-07-31,5.68,6.03,6.12,5.59,29698152.0,176150502.0
2019-08-01,5.93,5.92,6.04,5.76,17537897.0,102976574.0
2019-08-02,5.72,5.67,5.72,5.55,14127259.0,79534689.0
2019-08-05,5.62,5.59,5.67,5.47,10327856.0,57276689.0
2019-08-06,5.42,5.27,5.5,5.03,12318371.0,64839867.0
2019-08-07,5.32,5.19,5.35,5.14,7196286.0,37443002.0
2019-08-08,5.19,5.19,5.35,5.15,6292392.0,33098586.0
2019-08-09,5.2,5.17,5.24,5.09,6494658.0,33474198.0
2019-08-12,5.13,5.23,5.24,4.97,4428871.0,22810813.0
2019-08-13,5.2,5.19,5.22,5.08,5020608.0,25902249.0
2019-08-14,5.24,5.19,5.27,5.17,3613477.0,18837489.0
2019-08-15,5.11,5.2,5.24,5.09,4077790.0,20939045.0
2019-08-16,5.21,5.23,5.3,5.19,4042878.0,21251851.0
2019-08-19,5.25,5.39,5.39,5.22,5967211.0,31737710.0
2019-08-20,5.39,5.4,5.47,5.35,4123900.0,22304687.0
2019-08-21,5.49,5.46,5.55,5.4,5520453.0,30198280.0
2019-08-22,5.52,5.73,5.82,5.48,9201541.0,52380485.0
2019-08-23,5.72,5.52,5.72,5.49,8756396.0,48703820.0
2019-08-26,5.43,5.29,5.43,5.27,5347236.0,28495728.0
2019-08-27,5.34,5.44,5.54,5.34,7426450.0,40551512.0
2019-08-28,5.5,5.38,5.51,5.37,5367387.0,29108168.0
2019-08-29,5.37,5.42,5.49,5.32,6422138.0,34694655.0
2019-08-30,5.96,5.96,5.96,5.96,4908163.0,29250465.0
2019-09-02,6.26,6.52,6.55,6.0,38595051.0,240716302.0
2019-09-03,6.29,6.34,6.5,6.22,26948711.0,171202941.0
2019-09-04,6.32,6.64,6.92,6.29,25930735.0,171044536.0
2019-09-05,6.68,6.82,7.14,6.62,26243570.0,181659146.0
2019-09-06,6.82,6.7,6.82,6.62,19265586.0,129192466.0
2019-09-09,6.72,6.71,6.72,6.49,19557126.0,129465241.0
2019-09-10,6.67,6.8,6.84,6.55,20234240.0,135456883.0
2019-09-11,6.77,6.81,7.04,6.72,18150898.0,124733098.0
2019-09-12,6.85,6.82,6.92,6.64,12678506.0,85878004.0
2019-09-16,6.87,7.17,7.23,6.82,19526078.0,138357609.0
2019-09-17,7.14,6.88,7.15,6.86,15672392.0,109227656.0
2019-09-18,6.93,6.85,7.12,6.83,13799993.0,96244707.0
2019-09-19,6.9,7.03,7.06,6.8,13124028.0,91514388.0
2019-09-20,7.07,6.97,7.09,6.9,8959868.0,62482564.0
2019-09-23,6.95,6.88,7.03,6.8,8502259.0,58585174.0
2019-09-24,6.94,6.76,6.97,6.72,10540735.0,71983607.0
2019-09-25,6.77,6.72,6.82,6.65,7769448.0,52445389.0
2019-09-26,6.71,6.37,6.72,6.25,12950918.0,83629936.0
2019-09-27,6.34,6.75,6.85,6.29,15824154.0,105853548.0
2019-09-30,6.75,6.56,6.77,6.52,8018894.0,52906895.0
2019-10-08,6.55,6.48,6.6,6.4,5441746.0,35196205.0
2019-10-09,6.51,6.5,6.54,6.44,6176135.0,40086375.0
2019-10-10,6.55,7.0,7.01,6.52,14508903.0,99440789.0
2019-10-11,7.0,7.0,7.08,6.9,14299132.0,100101166.0
2019-10-14,7.04,7.06,7.2,6.95,18347833.0,129872344.0
2019-10-15,7.07,6.83,7.13,6.7,12763400.0,87382692.0
2019-10-16,6.8,6.49,6.8,6.48,16193160.0,106791210.0
2019-10-17,6.54,6.52,6.92,6.39,14883223.0,98337881.0
2019-10-18,6.62,6.3,6.64,6.28,11467980.0,73022010.0
2019-10-21,6.34,6.17,6.34,6.03,8471755.0,52011683.0
2019-10-22,6.23,6.23,6.27,6.14,5864420.0,36369754.0
2019-10-23,6.23,6.39,6.44,6.14,9855698.0,62309290.0
2019-10-24,6.4,6.48,6.55,6.37,8663976.0,56110768.0
2019-10-25,6.5,6.63,6.73,6.36,7340020.0,48223354.0
2019-10-28,6.58,6.57,6.67,6.42,10994512.0,71842947.0
2019-10-29,6.57,6.39,6.58,6.33,7730153.0,49667085.0
2019-10-30,6.39,6.42,6.45,6.23,5551326.0,35136706.0
2019-10-31,6.45,6.16,6.45,6.09,9236980.0,57263481.0
2019-11-01,6.14,6.21,6.26,6.07,5236220.0,32490373.0
2019-11-04,6.25,6.11,6.25,6.1,5508880.0,33907970.0
2019-11-05,6.13,6.18,6.28,6.11,5487846.0,34011637.0
2019-11-06,6.18,6.19,6.27,6.13,3550400.0,22006211.0
2019-11-07,6.17,6.17,6.2,6.05,4099986.0,25177905.0
2019-11-08,6.2,6.17,6.22,6.1,3252120.0,20007693.0
2019-11-11,6.19,5.96,6.19,5.87,6229560.0,37014023.0
2019-11-12,6.0,6.17,6.2,5.94,5351506.0,32505227.0
2019-11-13,6.18,6.25,6.3,6.16,5267140.0,32851079.0
2019-11-14,6.24,6.12,6.28,6.05,5813280.0,35504729.0
2019-11-15,6.07,5.92,6.1,5.9,5624494.0,33426050.0
2019-11-18,5.94,5.85,5.95,5.78,4175760.0,24401362.0
2019-11-19,5.86,6.09,6.3,5.82,6224460.0,37943828.0
2019-11-20,6.11,5.94,6.13,5.93,4169564.0,25021410.0
2019-11-21,5.95,5.99,6.02,5.82,3512460.0,20873918.0
2019-11-22,6.05,5.94,6.05,5.91,3114456.0,18565262.0
2019-11-25,5.95,5.92,5.98,5.86,2630020.0,15534201.0
2019-11-26,5.95,5.97,5.98,5.84,2994701.0,17707387.0
2019-11-27,5.99,6.02,6.15,5.92,6140874.0,36910644.0
2019-11-28,6.05,5.95,6.05,5.93,2749124.0,16423784.0
2019-11-29,5.94,6.0,6.1,5.91,2737587.0,16428321.0
2019-12-02,6.25,6.18,6.6,6.16,15175809.0,95649791.0
2019-12-03,6.05,6.1,6.12,6.01,7282515.0,44169030.0
2019-12-04,6.06,6.0,6.08,5.98,5043240.0,30382192.0
2019-12-05,6.0,5.96,6.06,5.94,4349855.0,26036343.0
2019-12-06,5.96,5.95,6.0,5.9,3345200.0,19871147.0
2019-12-09,5.98,6.55,6.55,5.88,23353673.0,146460247.0
2019-12-10,6.59,6.73,6.89,6.42,38350884.0,255439620.0
2019-12-11,6.66,6.75,6.84,6.63,14335972.0,96853086.0
2019-12-12,6.9,6.77,7.05,6.69,31908042.0,218779701.0
2019-12-13,6.69,6.86,6.89,6.57,20890952.0,140729987.0
2019-12-16,6.85,6.95,7.03,6.75,23640552.0,163731255.0
2019-12-17,6.96,6.98,7.03,6.88,16469525.0,114569552.0
2019-12-18,6.98,7.06,7.15,6.96,18347826.0,129270750.0
2019-12-19,7.08,7.15,7.29,6.86,30146924.0,212868346.0
2019-12-20,7.25,7.09,7.25,7.03,19300713.0,137388229.0
2019-12-23,7.1,7.16,7.28,7.05,27158478.0,194294993.0
2019-12-24,7.17,7.35,7.49,7.13,38223334.0,278407247.0
2019-12-25,7.36,7.55,7.62,7.24,35731340.0,266788266.0
2019-12-26,7.54,7.71,7.73,7.51,23539241.0,179917792.0
2019-12-27,7.7,7.78,7.9,7.65,31497536.0,244392284.0
2019-12-30,7.78,7.91,8.01,7.58,36414893.0,285820231.12
2019-12-31,7.84,7.78,8.0,7.7,24798635.0,194813410.46
2020-01-02,7.82,7.78,7.99,7.6,31607305.0,246110460.57
2020-01-03,7.78,7.76,7.8,7.65,16385440.0,126689011.1
2020-01-06,7.78,8.54,8.54,7.69,73890898.0,582630054.73
2020-01-07,8.22,8.51,9.05,8.07,70858795.0,601940502.33
2020-01-08,8.37,8.17,8.43,8.15,21708100.0,179374788.84
2020-01-09,8.26,8.06,8.29,8.02,14554402.0,118020898.24
2020-01-10,8.08,7.91,8.18,7.85,17757482.0,141425456.36
2020-01-13,7.87,7.85,8.15,7.7,25759682.0,202860332.21
2020-01-14,7.8,7.77,8.02,7.66,25068442.0,194276661.73
2020-01-15,7.7,7.7,7.78,7.61,11785752.0,90462593.01
2020-01-16,7.72,7.87,7.96,7.63,19468330.0,151969317.49
2020-01-17,7.87,7.9,7.94,7.79,13536631.0,106430951.07
2020-01-20,7.9,7.92,7.93,7.8,14065088.0,110532326.04
2020-01-21,7.91,7.84,7.91,7.79,8092073.0,63306321.15
2020-01-22,7.95,8.2,8.3,7.84,38520530.0,310711844.3
2020-01-23,8.1,8.21,8.25,7.91,17894158.0,144566285.08
2020-02-03,7.59,7.39,7.59,7.39,3596700.0,26875052.2
2020-02-04,6.65,6.68,6.97,6.65,58707729.0,391829296.95
2020-02-05,6.55,6.69,6.78,6.55,26739408.0,178868714.96
2020-02-06,6.65,6.63,6.74,6.35,22887349.0,149606137.32
2020-02-07,6.55,6.51,6.62,6.42,15349199.0,99945008.17
2020-02-10,6.51,6.85,6.88,6.41,18033040.0,120465879.4
2020-02-11,6.91,6.76,6.96,6.71,13473473.0,91850853.34
2020-02-12,6.71,6.8,6.82,6.69,10282831.0,69606693.89
2020-02-13,6.81,6.74,6.82,6.68,9250286.0,62421752.7
2020-02-14,6.68,6.73,6.83,6.61,12345720.0,82931459.6
2020-02-17,6.76,6.94,6.95,6.75,18962264.0,129660082.65
2020-02-18,6.91,7.11,7.13,6.87,17106359.0,119776981.36
2020-02-19,7.08,7.38,7.58,7.05,23023874.0,169371947.29
2020-02-20,7.4,7.58,7.7,7.25,23996281.0,179577238.69
2020-02-21,7.58,7.59,7.73,7.52,18226168.0,138515369.32
2020-02-24,7.64,7.74,7.84,7.45,20769719.0,159072233.84
2020-02-25,7.51,7.66,7.8,7.33,23536048.0,179541141.83
2020-02-26,7.63,7.43,7.65,7.42,17773948.0,134145729.6
2020-02-27,7.5,7.5,7.69,7.44,15012826.0,113214813.68
2020-02-28,7.2,7.38,7.51,7.03,22032166.0,160502629.52
2020-03-02,7.38,7.61,7.85,7.34,30065880.0,227904740.43
2020-03-03,7.72,7.62,7.78,7.52,21062600.0,161071412.2
2020-03-04,7.58,7.6,7.74,7.48,23015965.0,175078516.34
2020-03-05,7.6,7.73,7.76,7.6,22353120.0,172068711.8
2020-03-06,7.65,7.91,7.96,7.6,23724640.0,184911770.8
2020-03-09,7.81,7.94,8.05,7.75,23509360.0,186471037.8
2020-03-10,7.8,8.12,8.14,7.66,37311566.0,296587028.4
2020-03-11,8.12,8.34,8.45,8.08,39704903.0,327962568.83
2020-03-12,8.25,8.59,8.61,8.2,51364533.0,434297924.33
2020-03-13,8.36,8.43,8.54,7.85,42747830.0,354903779.27
2020-03-16,8.43,8.0,8.45,7.79,22503446.0,183718143.5
2020-03-17,7.99,7.42,8.25,7.2,37121471.0,278935785.08
2020-03-18,7.37,7.0,7.46,6.92,23349160.0,166955065.55
2020-03-19,6.94,6.86,6.97,6.63,14275381.0,96866247.59
2020-03-20,6.91,7.2,7.24,6.91,15837100.0,113240547.32
2020-03-23,7.1,7.22,7.42,7.07,14729900.0,107280950.2
2020-03-24,7.33,7.28,7.39,7.22,8333760.0,60687637.4
2020-03-25,7.35,7.32,7.39,7.25,11666940.0,85361826.0
2020-03-26,7.3,7.15,7.3,7.05,9908920.0,70955801.6
2020-03-27,7.15,7.15,7.38,6.86,17330203.0,123089249.63
2020-03-30,7.05,7.07,7.12,6.9,8014100.0,56209898.8
2020-03-31,7.12,6.91,7.13,6.9,6276301.0,43860392.4
2020-04-01,6.9,6.87,7.01,6.82,5235520.0,36159996.2
2020-04-02,6.89,6.89,6.9,6.75,5918454.0,40305108.04
2020-04-03,6.89,6.91,7.0,6.77,10086640.0,69871620.6
2020-04-07,7.0,7.0,7.06,6.94,9161160.0,64115329.8
2020-04-08,7.0,6.99,7.04,6.95,6692960.0,46848888.6
2020-04-09,7.03,7.21,7.23,7.0,11060220.0,79261865.2
2020-04-10,7.21,7.0,7.24,7.0,7250526.0,51598838.15
2020-04-13,7.07,6.95,7.12,6.92,4592900.0,32084795.0
2020-04-14,6.9,7.04,7.08,6.89,5240887.0,36657103.47
2020-04-15,7.03,6.95,7.06,6.94,5576380.0,39011337.6
2020-04-16,6.97,6.79,6.98,6.77,8564660.0,58685733.4
2020-04-17,6.81,6.72,6.84,6.7,6798680.0,45956856.6
2020-04-20,6.68,6.7,6.77,6.65,6343335.0,42486397.03
2020-04-21,6.67,6.58,6.7,6.55,6597300.0,43468047.2
2020-04-22,6.58,6.53,6.58,6.45,7491800.0,48767502.4
2020-04-23,6.55,6.69,6.81,6.49,12001620.0,79766101.34
2020-04-24,6.66,6.62,6.76,6.57,6020660.0,40106907.8
2020-04-27,6.62,6.51,6.65,6.48,6427360.0,42146839.2
2020-04-28,6.52,6.13,6.53,6.03,14259624.0,88240624.44
2020-04-29,6.15,5.91,6.15,5.91,11200140.0,67335690.26
2020-04-30,5.98,6.07,6.1,5.95,5686520.0,34351038.36
2020-05-06,6.07,6.17,6.19,6.03,5889460.0,36109016.8
2020-05-07,6.19,6.27,6.33,6.14,6095480.0,38181217.4
2020-05-08,6.27,6.27,6.34,6.24,4028720.0,25301100.6
2020-05-11,6.28,6.17,6.3,6.14,5576400.0,34694087.4
2020-05-12,6.18,6.11,6.18,6.0,6044580.0,36722666.0
2020-05-13,6.14,6.13,6.15,6.06,4793340.0,29258252.6
2020-05-14,6.15,6.01,6.15,6.0,4052320.0,24482516.8
2020-05-15,6.01,5.96,6.06,5.96,4380849.0,26329197.33
2020-05-18,6.01,6.07,6.08,5.95,4675120.0,28247268.0
2020-05-19,6.1,6.03,6.1,5.98,4826400.0,29102267.8
2020-05-20,6.03,5.95,6.03,5.92,5476380.0,32643798.6
2020-05-21,5.95,5.84,5.98,5.82,5502780.0,32455534.8
2020-05-22,5.84,5.73,5.85,5.68,5741395.0,33004561.85
2020-05-25,5.78,5.86,6.05,5.75,6972409.0,41325533.69
2020-05-26,5.9,5.87,5.92,5.81,3418285.0,19968040.32
2020-05-27,5.87,5.79,5.88,5.75,2293541.0,13298758.6
2020-05-28,5.78,5.83,5.92,5.76,5201748.0,30405286.48
2020-05-29,5.8,5.94,6.04,5.75,6377908.0,37640655.64
2020-06-01,5.99,6.02,6.06,5.9,5657420.0,34002303.0
2020-06-02,6.03,6.12,6.13,5.98,5646100.0,34209261.2
2020-06-03,6.12,5.94,6.12,5.93,6725500.0,40531474.6
2020-06-04,5.95,5.89,5.96,5.89,4300300.0,25470952.0
2020-06-05,5.9,5.91,6.01,5.81,7680953.0,45583442.15
2020-06-08,5.9,5.85,5.95,5.85,4488060.0,26468598.8
2020-06-09,5.85,6.07,6.07,5.81,8973880.0,53602217.4
2020-06-10,6.04,5.98,6.06,5.93,3809620.0,22789479.8
2020-06-11,5.94,5.85,5.94,5.83,5841159.0,34339313.57
2020-06-12,5.77,5.83,5.85,5.7,3983840.0,23018181.0
2020-06-15,5.88,5.88,5.94,5.79,3502550.0,20615424.7
2020-06-16,5.86,5.91,5.93,5.86,3779092.0,22316564.28
2020-06-17,5.94,5.9,5.97,5.88,3414540.0,20200342.27
2020-06-18,5.93,5.94,5.94,5.86,3426713.0,20288542.09
2020-06-19,5.92,5.97,5.97,5.92,3669368.0,21840687.0
2020-06-22,5.97,6.02,6.1,5.95,5247722.0,31650139.59
2020-06-23,6.05,5.94,6.05,5.9,4408458.0,26205087.44
2020-06-24,5.94,5.94,6.01,5.91,2999440.0,17872145.2
2020-06-29,5.93,5.85,5.93,5.85,4969642.0,29182717.54
2020-06-30,5.86,5.93,5.93,5.86,2666240.0,15754534.8
2020-07-01,5.95,5.96,5.97,5.92,3200994.0,19019102.28
2020-07-02,5.99,6.56,6.56,5.96,22117097.0,140401898.08
2020-07-03,6.7,6.78,7.2,6.61,30071376.0,206292603.4
2020-07-06,6.7,6.97,7.1,6.64,23145763.0,159637640.11
2020-07-07,6.89,6.81,6.99,6.68,19869014.0,135789493.86
2020-07-08,6.85,6.95,7.04,6.78,18086381.0,124921561.74
2020-07-09,6.95,6.95,7.03,6.81,19469580.0,134636882.94
2020-07-10,6.97,6.75,6.97,6.73,13712100.0,93696192.2
2020-07-13,6.95,7.03,7.07,6.87,27417510.0,191684601.92
2020-07-14,6.95,6.88,7.18,6.75,20056215.0,139070487.06
2020-07-15,6.9,7.25,7.55,6.77,39312887.0,280373905.11
2020-07-16,7.19,6.77,7.19,6.76,23258240.0,161407271.76
2020-07-17,6.77,6.54,6.81,6.53,13324820.0,88422031.86
2020-07-20,6.56,6.91,6.95,6.56,12713684.0,85808998.6
2020-07-21,6.91,6.8,7.0,6.75,12048860.0,82705266.4
2020-07-22,6.8,6.73,6.9,6.67,10574480.0,71557043.2
2020-07-23,6.68,6.72,6.8,6.6,8547860.0,56927103.4
2020-07-24,6.7,6.49,6.78,6.48,9579740.0,63283900.32
2020-07-27,6.49,6.63,6.69,6.45,5652188.0,36957634.68
2020-07-28,6.63,6.69,6.75,6.6,5005340.0,33530227.05
2020-07-29,6.7,6.75,6.78,6.64,6129630.0,41186653.04
2020-07-30,6.76,6.66,6.79,6.65,5146562.0,34465645.75
2020-07-31,6.61,6.68,6.77,6.58,10660734.0,71347928.04
2020-08-03,6.7,6.9,7.05,6.7,11389406.0,78625767.34
2020-08-04,6.9,7.11,7.15,6.86,16899570.0,118355004.3
2020-08-05,7.05,6.98,7.08,6.95,8558440.0,59823228.6
2020-08-06,6.98,6.86,7.0,6.81,11300440.0,77472769.8
2020-08-07,6.9,7.19,7.36,6.78,19977449.0,141377091.83
2020-08-10,7.18,7.19,7.52,7.06,21123079.0,154131946.24
2020-08-11,7.2,6.85,7.29,6.82,17838360.0,125393003.4
2020-08-12,6.8,6.92,6.96,6.72,11021616.0,75493875.6
2020-08-13,6.9,7.06,7.28,6.86,20792620.0,148428315.0
2020-08-14,7.02,6.92,7.15,6.83,13311880.0,92034004.4
2020-08-17,6.9,7.05,7.16,6.85,16477880.0,115679037.6
2020-08-18,7.05,6.91,7.05,6.87,13627640.0,94580763.3
2020-08-19,6.92,6.77,6.92,6.76,10192620.0,69293982.6
2020-08-20,6.74,6.74,6.81,6.68,6044343.0,40786036.74
2020-08-21,6.75,6.71,6.8,6.64,6481813.0,43496990.07
2020-08-24,6.74,6.81,6.84,6.64,5037460.0,33969349.4
2020-08-25,6.82,6.74,6.84,6.71,3977120.0,26829148.4
2020-08-26,6.7,6.65,6.78,6.62,5700340.0,38137524.2
2020-08-27,6.62,6.69,6.71,6.62,3678327.0,24549624.89
2020-08-28,6.66,6.77,6.77,6.66,4305407.0,28921082.64
2020-08-31,6.77,6.71,6.84,6.7,4400147.0,29701532.26
2020-09-01,6.7,6.76,6.82,6.65,3726280.0,25165574.8
2020-09-02,6.79,6.77,6.85,6.73,5059599.0,34321929.57
2020-09-03,6.77,6.71,6.79,6.65,5401259.0,36227964.51
2020-09-04,6.67,6.69,6.74,6.62,2936079.0,19646815.9
2020-09-07,6.73,6.63,6.76,6.62,4976780.0,33253121.8
2020-09-08,6.63,6.64,6.69,6.62,3698927.0,24591889.41
2020-09-09,6.62,6.53,6.62,6.53,5423600.0,35604447.85
2020-09-10,6.61,6.54,6.78,6.53,5170340.0,34375896.6
2020-09-11,6.55,6.5,6.55,6.46,2948340.0,19159159.4
2020-09-14,6.51,6.72,6.72,6.51,4921120.0,32620020.4
2020-09-15,6.7,6.78,6.8,6.68,3460660.0,23336813.8
2020-09-16,6.7,6.79,6.83,6.7,3018440.0,20425891.0
2020-09-17,6.8,6.81,6.82,6.73,2671820.0,18140041.8
2020-09-18,6.84,6.83,6.84,6.72,3653060.0,24820017.6
2020-09-21,6.83,6.79,6.88,6.78,2848800.0,19402503.4
2020-09-22,6.73,6.79,6.85,6.71,3196160.0,21733939.0
2020-09-23,6.83,6.82,6.88,6.78,1730660.0,11774687.8
2020-09-24,6.76,6.74,6.87,6.74,4913301.0,33478935.1
2020-09-25,6.78,6.84,6.85,6.66,3498160.0,23697425.4
2020-09-28,6.83,6.94,7.08,6.8,5917220.0,41195406.8
2020-09-29,6.94,6.79,6.98,6.74,4785740.0,32704704.4
2020-09-30,6.75,6.81,6.82,6.74,2503180.0,16972838.6
2020-10-09,6.85,6.92,6.92,6.82,3659780.0,25138613.0
2020-10-12,6.92,6.95,7.0,6.89,6412900.0,44583865.2
2020-10-13,6.91,6.84,6.96,6.76,7227800.0,49353946.66
2020-10-14,6.86,6.74,6.86,6.73,4556120.0,30864382.2
2020-10-15,6.73,6.97,6.97,6.63,11367200.0,76890190.8
2020-10-16,6.96,6.88,7.1,6.79,7520630.0,51994061.66
2020-10-19,6.84,6.86,6.98,6.81,4222644.0,29164210.96
2020-10-20,6.85,6.9,6.93,6.81,3504160.0,24107818.6
2020-10-21,6.92,6.72,6.92,6.72,3853224.0,26180068.12
2020-10-22,6.72,6.67,6.72,6.51,5798877.0,38305808.4
2020-10-23,6.66,6.62,6.7,6.59,3570370.0,23725402.7
2020-10-26,6.6,6.55,6.66,6.5,3604763.0,23789107.86
2020-10-27,6.57,6.61,6.66,6.52,1800260.0,11862242.85
2020-10-28,6.62,6.65,6.67,6.56,2055280.0,13615092.4
2020-10-29,6.6,6.53,6.62,6.51,3373240.0,22149960.6
2020-10-30,6.53,6.54,6.57,6.46,3558307.0,23193193.24
2020-11-02,6.5,6.52,6.55,6.3,4189190.0,26934323.2
2020-11-03,6.5,6.54,6.57,6.5,1771680.0,11575757.2
2020-11-04,6.59,6.44,6.59,6.41,1992620.0,12861895.2
2020-11-05,6.47,6.46,6.49,6.4,2267164.0,14595664.72
2020-11-06,6.45,6.42,6.49,6.4,2290260.0,14746277.6
2020-11-09,6.45,6.46,6.47,6.37,6060287.0,38975519.2
2020-11-10,6.43,6.41,6.45,6.39,2282520.0,14644059.4
2020-11-11,6.41,6.28,6.41,6.26,4564300.0,28886147.09
2020-11-12,6.28,6.32,6.35,6.27,1444160.0,9110250.4
2020-11-13,6.34,6.27,6.35,6.2,2287780.0,14332921.8
2020-11-16,6.25,6.28,6.29,6.25,1337120.0,8389547.0
2020-11-17,6.29,6.39,6.45,6.28,3118108.0,19914805.04
2020-11-18,6.4,6.37,6.41,6.31,1515783.0,9644974.0
2020-11-19,6.37,6.37,6.42,6.34,1375880.0,8762733.6
2020-11-20,6.38,6.37,6.38,6.27,1847920.0,11682239.4
2020-11-23,6.34,6.38,6.45,6.29,2005000.0,12770200.4
2020-11-24,6.39,6.34,6.42,6.34,1338120.0,8517250.4
2020-11-25,6.37,6.26,6.37,6.26,1577600.0,9934004.0
2020-11-26,6.26,6.27,6.31,6.21,1556517.0,9737282.99
2020-11-27,6.26,6.29,6.3,6.24,930680.0,5841653.0
2020-11-30,6.29,6.28,6.35,6.26,1850800.0,11663448.0
2020-12-01,6.3,6.31,6.32,6.26,1550100.0,9761227.56
2020-12-02,6.31,6.35,6.38,6.28,4508532.0,28551870.57
2020-12-03,6.37,6.36,6.39,6.34,1183420.0,7540288.6
2020-12-04,6.37,6.34,6.38,6.32,1032440.0,6544748.2
2020-12-07,6.33,6.31,6.37,6.31,1192900.0,7552522.0
2020-12-08,6.3,6.23,6.33,6.2,2675906.0,16748271.4
2020-12-09,6.22,6.1,6.25,6.1,2024740.0,12503374.0
2020-12-10,6.11,6.06,6.12,6.04,1293967.0,7848422.82
2020-12-11,6.04,5.96,6.08,5.93,2322937.0,13906124.59
2020-12-14,5.96,6.01,6.01,5.95,819900.0,4909287.8
2020-12-15,6.05,6.3,6.34,5.99,4277500.0,26573928.08
2020-12-16,6.25,6.23,6.31,6.21,1806700.0,11311169.6
2020-12-17,6.23,6.3,6.3,6.16,1840946.0,11492355.98
2020-12-18,6.4,6.26,6.4,6.25,1597040.0,10074434.6
2020-12-21,6.25,6.25,6.29,6.21,1300040.0,8138688.0
2020-12-22,6.25,6.18,6.3,6.14,2380211.0,14723107.65
2020-12-23,6.18,6.18,6.2,6.11,2702080.0,16669530.0
2020-12-24,6.17,6.2,6.25,6.08,3159440.0,19544617.26
2020-12-25,6.21,6.16,6.23,6.15,1335400.0,8261024.4
2020-12-28,6.15,6.08,6.16,6.03,2411920.0,14643528.48
2020-12-29,6.07,6.09,6.14,6.05,1345120.0,8195446.8
2020-12-30,6.07,6.04,6.1,5.96,5708745.0,34330284.81
2020-12-31,6.04,6.15,6.25,6.01,2809424.0,17136402.95
2021-01-04,6.15,6.09,6.17,6.05,2049612.0,12479077.28
2021-01-05,6.06,6.08,6.11,6.04,2104260.0,12763448.0
2021-01-06,6.1,6.09,6.12,6.03,1954520.0,11863946.84
2021-01-07,6.1,6.2,6.28,6.09,3796821.0,23461892.15
2021-01-08,6.15,6.48,6.52,6.13,8293969.0,52860177.12
2021-01-11,6.45,6.35,6.5,6.25,4538460.0,28852414.88
2021-01-12,6.3,6.29,6.4,6.2,3299507.0,20750726.15
2021-01-13,6.29,6.13,6.3,6.08,2134420.0,13148074.99
2021-01-14,6.12,6.11,6.21,6.03,2640770.0,16104924.71
2021-01-15,6.1,6.12,6.15,6.07,1190901.0,7268205.73
2021-01-18,6.14,6.13,6.19,6.1,1436240.0,8823068.8
2021-01-19,6.2,6.12,6.2,6.1,1039500.0,6379536.2
2021-01-20,6.15,6.26,6.38,6.1,3735992.0,23458509.72
2021-01-21,6.23,6.22,6.28,6.18,2630699.0,16357624.8
2021-01-22,6.21,6.18,6.21,6.14,2478500.0,15266391.4
2021-01-25,6.02,6.33,6.33,5.79,6345560.0,38655653.85
2021-01-26,6.33,6.38,6.52,6.26,6571000.0,42063811.0
2021-01-27,6.34,6.38,6.39,6.27,2034600.0,12892955.6
2021-01-28,6.45,6.37,6.53,6.35,2778779.0,17883309.89
2021-01-29,6.37,6.44,6.45,6.25,3357619.0,21343906.23
2021-02-01,6.48,6.59,6.75,6.33,6716000.0,44047878.6
2021-02-02,6.59,6.7,6.75,6.52,4280686.0,28541560.83
2021-02-03,6.65,6.68,6.82,6.62,4647660.0,31257484.61
2021-02-04,6.65,6.62,6.72,6.61,2870500.0,19111519.2
2021-02-05,6.6,6.42,6.63,6.38,3641960.0,23664312.6
2021-02-08,6.42,6.77,6.84,6.35,8067862.0,54034846.72
2021-02-09,6.77,6.7,6.8,6.64,3383468.0,22622846.88
2021-02-10,6.65,6.66,6.73,6.51,2044137.0,13560104.83
2021-02-18,6.67,6.71,6.82,6.66,3873387.0,26045901.18
2021-02-19,6.72,6.74,6.77,6.67,2994240.0,20107417.4
2021-02-22,6.72,6.68,6.87,6.64,5097155.0,34425627.7
2021-02-23,6.65,6.96,7.11,6.65,8382220.0,57895394.4
2021-02-24,6.99,7.0,7.03,6.86,5071315.0,35104676.98
2021-02-25,7.08,6.91,7.09,6.89,4284080.0,29913914.0
2021-02-26,6.9,7.28,7.32,6.8,10186006.0,73043468.74
2021-03-01,7.25,7.59,8.0,7.19,24805426.0,188469774.78
2021-03-02,7.52,7.68,7.78,7.5,13281468.0,101567601.47
2021-03-03,7.67,7.7,7.75,7.55,8155940.0,62386856.8
2021-03-04,7.71,7.63,8.0,7.59,9618160.0,74816928.4
2021-03-05,7.62,7.67,7.92,7.56,13066402.0,100995047.92
2021-03-08,7.72,7.79,7.87,7.68,9971295.0,77661099.5
2021-03-09,7.79,8.0,8.05,7.73,12177720.0,96583174.0
2021-03-10,7.95,7.51,7.98,7.51,10518204.0,81078946.16
2021-03-11,7.53,7.69,7.76,7.5,4597460.0,35263892.0
2021-03-12,7.65,7.92,8.0,7.65,9044228.0,71413287.4
2021-03-15,7.84,7.95,8.04,7.82,7274540.0,57786292.8
2021-03-16,7.98,8.45,8.55,7.95,17654241.0,147836507.55
2021-03-17,8.45,8.41,8.74,8.36,16037480.0,137161434.0
2021-03-18,8.54,8.42,8.56,8.25,12420448.0,104834344.38
2021-03-19,8.37,8.58,8.8,8.33,15923399.0,136877951.93
2021-03-22,8.65,8.64,8.79,8.51,12378002.0,107477524.05
2021-03-23,8.6,8.8,8.85,8.6,7301763.0,64003947.99
2021-03-24,8.78,8.75,8.8,8.53,8157883.0,70605689.22
2021-03-25,8.8,8.65,8.89,8.5,6923007.0,60332316.14
2021-03-26,8.64,8.72,8.88,8.57,12021930.0,105671470.1
2021-03-29,8.82,8.74,8.84,8.6,5351219.0,46635316.1
2021-03-30,8.74,8.95,9.09,8.73,10592580.0,94850120.76
2021-03-31,8.85,9.05,9.18,8.8,8692055.0,78739480.37
2021-04-01,9.17,9.21,9.28,9.0,8313224.0,76389825.01
2021-04-02,9.15,9.26,9.34,9.1,8683926.0,80295259.45
2021-04-06,9.24,9.13,9.33,8.98,9991860.0,91366894.1
2021-04-07,9.17,9.16,9.27,9.06,9809517.0,89959832.57
2021-04-08,9.1,9.09,9.19,8.92,10276876.0,93289345.94
2021-04-09,9.14,9.11,9.29,8.95,6561660.0,59653165.6
2021-04-12,8.95,8.7,9.04,8.6,15322329.0,134678280.18
2021-04-13,8.79,8.45,8.81,8.38,12852356.0,109816671.16
2021-04-14,8.45,8.32,8.46,8.26,6559840.0,54919801.2
2021-04-15,8.34,8.38,8.52,8.24,5759654.0,48274166.04
2021-04-16,8.4,8.45,8.5,8.33,5913916.0,49821006.2
2021-04-19,8.5,8.51,8.6,8.41,5337376.0,45404245.1
2021-04-20,8.5,8.81,9.3,8.5,12035757.0,107504706.56
2021-04-21,8.79,8.84,9.04,8.78,5415297.0,48182353.24
2021-04-22,8.81,8.9,8.96,8.73,4672202.0,41413123.85
2021-04-23,8.89,8.81,8.98,8.7,5029600.0,44254099.0
2021-04-26,8.7,8.76,8.93,8.61,7061086.0,61829124.92
2021-04-27,8.71,8.8,8.84,8.65,4349420.0,38202135.8
2021-04-28,8.88,8.8,8.94,8.69,3880160.0,34213750.2
2021-04-29,8.72,8.77,8.82,8.62,4336077.0,37867280.68
2021-04-30,8.77,8.77,8.9,8.65,2734237.0,24040078.09
2021-05-06,8.77,8.68,8.82,8.63,3504033.0,30452683.91
2021-05-07,8.68,8.71,9.15,8.5,7235953.0,63954906.09
2021-05-10,8.71,8.86,8.95,8.69,3385420.0,29898625.6
2021-05-11,8.85,8.9,9.03,8.75,4531320.0,40283118.8
2021-05-12,8.88,8.91,9.01,8.82,3640900.0,32437421.4
2021-05-13,8.9,8.83,8.9,8.7,4043520.0,35645460.0
2021-05-14,8.94,8.89,9.0,8.82,3742200.0,33361931.6
2021-05-17,8.88,8.69,8.88,8.68,4846646.0,42363297.14
2021-05-18,8.69,8.81,8.95,8.5,5247393.0,45865528.58
2021-05-19,8.8,8.8,8.97,8.6,5023100.0,44228537.2
2021-05-20,8.75,8.83,8.87,8.68,3579220.0,31451012.4
2021-05-21,8.73,8.76,8.87,8.71,2980360.0,26181398.8
2021-05-24,8.73,8.58,8.77,8.53,3986380.0,34412685.8
2021-05-25,8.64,8.45,8.66,8.45,5515088.0,47015348.72
2021-05-26,8.47,8.41,8.64,8.38,5287760.0,44921804.38
2021-05-27,8.43,8.37,8.57,8.3,4301191.0,36140812.96
2021-05-28,8.4,8.51,8.61,8.38,5180500.0,44007959.0
2021-05-31,8.52,8.59,8.69,8.46,4448920.0,38286779.0
2021-06-01,8.68,8.71,8.84,8.45,5258620.0,45547189.6
2021-06-02,8.66,8.72,8.9,8.66,5502056.0,48450172.72
2021-06-03,8.7,8.7,8.83,8.64,3826674.0,33375298.5
2021-06-04,9.3,9.08,9.57,9.02,23819588.0,223983616.08
2021-06-07,9.2,9.71,9.99,9.13,23108582.0,224844734.56
2021-06-08,9.55,10.26,10.45,9.33,23085908.0,233526752.75
2021-06-09,10.26,10.33,10.4,10.1,12076948.0,123670212.09
2021-06-10,10.3,10.19,10.55,10.08,16031843.0,163768943.93
2021-06-11,10.35,10.28,10.55,10.16,20379480.0,211523346.68
2021-06-15,10.28,10.46,10.53,10.16,10359152.0,107877543.94
2021-06-16,10.62,10.66,10.84,10.11,12720712.0,134450821.84
2021-06-17,10.75,10.34,10.76,10.26,10836440.0,113480039.8
2021-06-18,10.42,10.1,10.53,10.08,9384400.0,96142046.8
2021-06-21,10.1,9.94,10.36,9.85,18582317.0,187460908.08
2021-06-22,9.95,10.93,10.93,9.95,24395572.0,262726140.8
2021-06-23,11.0,10.97,11.34,10.83,20565911.0,226589119.98
2021-06-24,10.9,10.75,10.97,10.68,8568902.0,92360128.66
2021-06-25,10.75,10.92,11.01,10.58,9720988.0,105147425.68
2021-06-28,10.91,10.84,10.91,10.65,7145886.0,76998574.24
2021-06-29,10.89,11.02,11.21,10.66,12202060.0,133783046.48
2021-06-30,11.0,11.33,11.42,10.82,11989825.0,134337833.6
2021-07-01,11.26,11.67,11.71,11.25,10572035.0,122144985.65
2021-07-02,11.61,11.89,12.15,11.37,13119095.0,154276151.84
2021-07-05,11.82,12.69,12.82,11.8,19150120.0,236532064.4
2021-07-06,12.59,12.26,12.67,12.02,16306292.0,199186355.58
2021-07-07,12.15,12.28,12.66,12.05,8635943.0,107048233.99
2021-07-08,12.47,12.48,13.0,12.34,12594919.0,158968516.56
2021-07-09,12.44,12.73,12.85,12.2,8973880.0,112685630.2
2021-07-12,12.75,12.59,12.8,12.5,8484597.0,107103651.3
2021-07-13,12.63,13.05,13.19,12.55,10145557.0,131969367.1
2021-07-14,13.06,12.65,13.18,12.6,6747313.0,86476782.18
2021-07-15,12.59,12.53,12.76,12.15,9903729.0,124016734.11
2021-07-16,12.6,12.6,13.14,12.48,9628000.0,122924405.4
2021-07-19,12.53,12.52,12.74,12.31,6006620.0,75285819.2
2021-07-20,12.53,12.41,12.61,12.3,3841040.0,47715440.2
2021-07-21,12.53,12.28,12.72,12.2,6404060.0,79048945.2
2021-07-22,12.3,12.24,12.44,12.08,6326074.0,77196466.78
2021-07-23,12.27,12.22,12.44,11.98,9459560.0,115088746.6
2021-07-26,12.22,12.63,12.63,12.12,9238880.0,113816057.8
2021-07-27,12.63,12.03,13.06,11.95,17319357.0,214108588.39
2021-07-28,12.03,11.59,12.19,11.2,12429220.0,143728660.0
2021-07-29,11.68,12.45,12.48,11.65,11395111.0,138737193.17
2021-07-30,12.52,13.14,13.15,12.52,18495932.0,237577405.9
